{
    "best_val_accuracy": 0.56353591160221,
    "train_accuracy": 0.568338249754179,
    "train_loss": 1.1594527695500159,
    "finished_epochs": 10,
    "train_duration_minutes": 7.374507784843445,
    "batch_size": 4.0,
    "lr_decay": 0.3,
    "adam_lr": 0.0001,
    "adam_beta1": 0.99,
    "adam_beta2": 0.9999,
    "adam_wtdecay": 0.5810328040128863
}