{
    "best_val_accuracy": 0.8666666666666667,
    "train_accuracy": 0.8713163064833005,
    "train_loss": 0.2865219615648678,
    "finished_epochs": 39,
    "train_duration_minutes": 18.131971796353657,
    "batch_size": 8.0,
    "lr_decay": 0.23381368156386778,
    "lr": 0.08584521141231664,
    "momentum": 0.35637455496632736,
    "weight_decay": 0.42740576735526176
}