{
    "best_val_accuracy": 0.6243093922651933,
    "train_accuracy": 0.6696165191740413,
    "train_loss": 0.840855205422423,
    "finished_epochs": 17,
    "train_duration_minutes": 11.659020694096883,
    "batch_size": 4.0,
    "lr_decay": 0.3,
    "adam_lr": 0.0001,
    "adam_beta1": 0.841682438132504,
    "adam_beta2": 0.9022761434673766,
    "adam_wtdecay": 0.4096474298574269
}