{
    "best_val_accuracy": 0.5524861878453038,
    "train_accuracy": 0.5437561455260571,
    "train_loss": 1.2045092756769298,
    "finished_epochs": 12,
    "train_duration_minutes": 61.61631672779719,
    "batch_size": 1.0,
    "lr_decay": 0.05061682336814644,
    "lr": 0.03291766019136457,
    "momentum": 0.9118952347281095,
    "weight_decay": 0.30049397694774593
}