steps,train_loss,train_acc,val_acc
31,1.743227414625801,0.7278978388998035,0.43333333333333335
63,1.2855740860543692,0.5707269155206286,0.5555555555555556
95,1.1905703105486212,0.5795677799607072,0.5666666666666667
127,2.010576740814801,0.5343811394891944,0.5666666666666667
159,1.5291284001880638,0.5225933202357563,0.5666666666666667
190,0.8620871134497562,0.5540275049115914,0.5
222,0.726959954310494,0.56286836935167,0.5
254,0.7543835726608696,0.5520628683693516,0.5
286,0.712532897360901,0.5461689587426326,0.49444444444444446
