steps,train_loss,train_acc,val_acc
254,0.9884199717892644,0.6208251473477406,0.7277777777777779
509,0.5445368312782295,0.7445972495088408,0.7833333333333333
763,0.5041034482199925,0.7662082514734774,0.6222222222222222
1018,0.4590842095597085,0.7966601178781925,0.7333333333333334
1272,0.4274886167353872,0.8094302554027505,0.6944444444444444
1527,0.4116716938192109,0.81237721021611,0.65
1781,0.3936621220032218,0.8271119842829076,0.7166666666666667
2036,0.3440195845480284,0.8536345776031433,0.7166666666666667
2290,0.38727755057085705,0.8379174852652259,0.6777777777777778
