{
    "best_val_accuracy": 0.5666666666666667,
    "train_accuracy": 0.5520628683693516,
    "train_loss": 0.7136662518111568,
    "finished_epochs": 8,
    "train_duration_minutes": 2.680239228407542,
    "batch_size": 4.0,
    "lr_decay": 0.03,
    "adam_lr": 0.0001,
    "adam_beta1": 0.75,
    "adam_beta2": 0.9999,
    "adam_wtdecay": 0.0
}