steps,train_loss,train_acc,val_acc
254,0.7136662518111568,0.5520628683693516,0.5666666666666667
509,0.7048623385035921,0.5402750491159135,0.5666666666666667
763,0.6998764571600203,0.5383104125736738,0.5666666666666667
1018,0.6853094335155074,0.5677799607072691,0.5666666666666667
1272,0.6846915867567531,0.5677799607072691,0.5666666666666667
1527,0.6841753361735691,0.5677799607072691,0.5666666666666667
1781,0.6841493498365631,0.5677799607072691,0.5666666666666667
2036,0.6841061419728697,0.5677799607072691,0.5666666666666667
