{
    "best_val_accuracy": 0.5666666666666667,
    "train_accuracy": 0.5294695481335953,
    "train_loss": 0.8934158853791317,
    "finished_epochs": 10,
    "train_duration_minutes": 8.056317098935445,
    "batch_size": 4.0,
    "lr_decay": 0.03,
    "lr": 0.1,
    "momentum": 0.9899999909097672,
    "weight_decay": 0.0
}