{
    "best_val_accuracy": 0.56353591160221,
    "train_accuracy": 0.5545722713864307,
    "train_loss": 1.202065898957154,
    "finished_epochs": 8,
    "train_duration_minutes": 25.048710934321086,
    "batch_size": 2.0,
    "lr_decay": 0.2994191435628097,
    "adam_lr": 0.0001,
    "adam_beta1": 0.8188132815143863,
    "adam_beta2": 0.9,
    "adam_wtdecay": 0.4082229819036783
}