steps,train_loss,train_acc,val_acc
508,1.202065898957154,0.5545722713864307,0.56353591160221
1017,1.132007530715496,0.568338249754179,0.56353591160221
1525,1.1106902515055976,0.568338249754179,0.56353591160221
2034,1.076350505900594,0.568338249754179,0.56353591160221
2542,1.087864170090873,0.568338249754179,0.56353591160221
3051,1.067732163879841,0.568338249754179,0.56353591160221
3559,1.0667021170829953,0.568338249754179,0.56353591160221
4068,1.0704756762425809,0.5693215339233039,0.56353591160221
