{
    "best_val_accuracy": 0.5666666666666667,
    "train_accuracy": 0.5304518664047151,
    "train_loss": 0.8486688442689262,
    "finished_epochs": 8,
    "train_duration_minutes": 5.326625263690948,
    "batch_size": 4.0,
    "lr_decay": 0.3,
    "adam_lr": 0.1,
    "adam_beta1": 0.99,
    "adam_beta2": 0.9999,
    "adam_wtdecay": 0.0
}