steps,train_loss,train_acc,val_acc
254,0.8486688442689262,0.5304518664047151,0.5666666666666667
509,0.6975323563708772,0.5402750491159135,0.5666666666666667
763,0.7236587864242509,0.5206286836935167,0.5666666666666667
1018,0.7018881112278562,0.5343811394891944,0.5666666666666667
1272,0.6869804774848324,0.5677799607072691,0.5666666666666667
1527,0.6858848242019623,0.5677799607072691,0.5666666666666667
1781,0.6857662951548114,0.5677799607072691,0.5666666666666667
2036,0.6850564930668515,0.5677799607072691,0.5666666666666667
