{
    "best_val_accuracy": 0.7277777777777779,
    "train_accuracy": 0.756385068762279,
    "train_loss": 0.48943201890160387,
    "finished_epochs": 18,
    "train_duration_minutes": 40.69390764633815,
    "batch_size": 4.0,
    "lr_decay": 0.27538874683220366,
    "adam_lr": 0.024951242540268995,
    "adam_beta1": 0.855997848247723,
    "adam_beta2": 0.9321214182143875,
    "adam_wtdecay": 0.5839191703098233
}