steps,train_loss,train_acc,val_acc
127,1.4876900804664064,0.5496558505408063,0.1878453038674033
254,1.010520960963464,0.5919370698131761,0.574585635359116
381,0.883744390782119,0.6391347099311702,0.4198895027624309
508,0.9085836042462314,0.640117994100295,0.569060773480663
635,0.821981833513273,0.6538839724680433,0.569060773480663
762,0.7993156251185294,0.680432645034415,0.5248618784530387
889,0.7292196695549064,0.6941986234021633,0.5469613259668508
1017,0.7614614579061022,0.6892822025565388,0.5193370165745856
1144,0.7625644539895897,0.6774827925270404,0.56353591160221
