steps,train_loss,train_acc,val_acc
127,0.8348958290666488,0.6735496558505408,0.7348066298342542
254,0.6842278195224564,0.7394296951819076,0.8066298342541436
381,0.5721792760969029,0.7866273352999017,0.7458563535911602
508,0.5056040457567986,0.7964601769911505,0.7458563535911602
635,0.46281165921934236,0.8121927236971486,0.7734806629834254
762,0.4651822682796092,0.8141592920353983,0.7845303867403315
889,0.45103499542412623,0.8249754178957719,0.7955801104972375
1017,0.46241402297831097,0.816125860373648,0.7900552486187845
