{
    "best_val_accuracy": 0.8555555555555556,
    "train_accuracy": 0.756385068762279,
    "train_loss": 0.5131715287862452,
    "finished_epochs": 10,
    "train_duration_minutes": 6.690174992879232,
    "batch_size": 2.0,
    "lr_decay": 0.23206283028552213,
    "lr": 0.055144085782638415,
    "momentum": 0.3,
    "weight_decay": 0.8743665334394567
}