steps,train_loss,train_acc,val_acc
127,2.0808880847229485,0.5004916420845624,0.569060773480663
254,1.1771962762230617,0.5496558505408063,0.5524861878453038
381,1.0867890990472004,0.5771878072763029,0.5359116022099447
508,1.0300807380863817,0.5821042281219273,0.5524861878453038
635,1.0050688357245372,0.5781710914454278,0.5303867403314917
762,1.0003543428732349,0.5801376597836775,0.5580110497237569
889,0.9885495046598721,0.5821042281219273,0.569060773480663
1017,0.9939478229046337,0.5771878072763029,0.56353591160221
