{
    "best_val_accuracy": 0.8555555555555556,
    "train_accuracy": 0.7328094302554027,
    "train_loss": 0.5443345681857501,
    "finished_epochs": 12,
    "train_duration_minutes": 5.395633180936177,
    "batch_size": 2.0,
    "lr_decay": 0.3,
    "lr": 0.0001,
    "momentum": 0.3,
    "weight_decay": 0.420643192253273
}