steps,train_loss,train_acc,val_acc
15,0.8964870980590025,0.6371681415929203,0.6850828729281768
31,0.5756215973589625,0.7836774827925271,0.7734806629834254
47,0.48291674165481896,0.8112094395280236,0.7458563535911602
63,0.39642509396097303,0.8357915437561456,0.7348066298342542
79,0.37697683680608446,0.8584070796460177,0.7458563535911602
95,0.3272573797869237,0.8741396263520158,0.729281767955801
111,0.3291882962398707,0.873156342182891,0.7403314917127072
127,0.3322733947485246,0.8584070796460177,0.7569060773480663
