{
    "best_val_accuracy": 0.8388888888888889,
    "train_accuracy": 0.7927308447937131,
    "train_loss": 0.5514419391487811,
    "finished_epochs": 22,
    "train_duration_minutes": 12.827295569578807,
    "batch_size": 8.0,
    "lr_decay": 0.03,
    "adam_lr": 0.0001,
    "adam_beta1": 0.99,
    "adam_beta2": 0.945291694506085,
    "adam_wtdecay": 1.0
}