steps,train_loss,train_acc,val_acc
31,0.4117707319133174,0.8035363457760314,0.8055555555555556
