{
    "best_val_accuracy": 0.9222222222222223,
    "train_accuracy": 0.943025540275049,
    "train_loss": 0.16864747136889835,
    "finished_epochs": 50,
    "batch_size": 16.0,
    "lr_decay": 0.27210421387941547,
    "lr": 0.014920225228084172,
    "momentum": 0.9185556028558602,
    "weight_decay": 0.9124677954969609
}