steps,train_loss,train_acc,val_acc
1018,0.6874414595440469,0.5707269155206286,0.5277777777777778
2036,0.6870550647641446,0.5776031434184675,0.6166666666666667
3054,0.6787030008312293,0.580550098231827,0.5388888888888889
4072,0.6280543103316444,0.6611001964636541,0.5722222222222223
5090,0.44925438681496616,0.8094302554027505,0.5722222222222223
6108,0.422463981775029,0.8320235756385068,0.5611111111111111
7126,0.3801257699903664,0.8506876227897838,0.6055555555555556
8144,0.3242130797422237,0.8811394891944989,0.6
9162,0.3464530791596954,0.8664047151277013,0.5611111111111111
