{
    "best_val_accuracy": 0.7055555555555556,
    "train_accuracy": 0.6286836935166994,
    "train_loss": 0.6524965838036978,
    "finished_epochs": 13,
    "train_duration_minutes": 6.486972983678182,
    "batch_size": 4.0,
    "lr_decay": 0.03,
    "adam_lr": 0.1,
    "adam_beta1": 0.9550931510211501,
    "adam_beta2": 0.9,
    "adam_wtdecay": 0.3736356498757243
}