steps,train_loss,train_acc,val_acc
1017,1.200131344173979,0.5319567354965585,0.56353591160221
2034,1.046996586735387,0.5722713864306785,0.569060773480663
3051,0.9392718358611873,0.632251720747296,0.56353591160221
4068,0.8902289062123031,0.6450344149459194,0.56353591160221
5085,0.7610102248402824,0.6784660766961652,0.56353591160221
6102,0.7825311986745986,0.6784660766961652,0.5580110497237569
7119,0.7551624829438583,0.6755162241887906,0.56353591160221
8136,0.7289751989065487,0.6932153392330384,0.56353591160221
9153,0.7093184488947295,0.6981317600786627,0.5580110497237569
