steps,train_loss,train_acc,val_acc
127,1.2608304077662316,0.49655850540806296,0.5524861878453038
254,1.1285762864228195,0.568338249754179,0.569060773480663
381,1.0536139627356327,0.5673549655850542,0.56353591160221
508,1.000911743826102,0.5693215339233039,0.569060773480663
635,0.9801985956691828,0.5732546705998034,0.56353591160221
762,0.9826711685842704,0.5693215339233039,0.56353591160221
889,0.9749895432705724,0.5732546705998034,0.56353591160221
1017,0.9714706536591229,0.5712881022615536,0.569060773480663
1144,0.9825559706814522,0.5693215339233039,0.56353591160221
