{
    "best_val_accuracy": 0.5666666666666667,
    "train_accuracy": 0.5481335952848723,
    "train_loss": 0.7031297711820171,
    "finished_epochs": 9,
    "train_duration_minutes": 2.9669403592745462,
    "batch_size": 8.0,
    "lr_decay": 0.09855657871170775,
    "adam_lr": 0.0001,
    "adam_beta1": 0.75,
    "adam_beta2": 0.9999,
    "adam_wtdecay": 0.0
}