steps,train_loss,train_acc,val_acc
127,0.6943079972079789,0.5442043222003929,0.43333333333333335
254,0.7031297711820171,0.5481335952848723,0.5666666666666667
381,0.6955520221432909,0.5461689587426326,0.43333333333333335
509,0.7085552027042816,0.5265225933202358,0.43333333333333335
636,0.6892089349581825,0.555992141453831,0.5666666666666667
763,0.6854658578842703,0.5677799607072691,0.5666666666666667
890,0.6843905729957086,0.5677799607072691,0.5666666666666667
1018,0.6842456114549768,0.5677799607072691,0.5666666666666667
1145,0.6839729371848415,0.5677799607072691,0.5666666666666667
