steps,train_loss,train_acc,val_acc
254,0.6946518753741251,0.4302554027504911,0.43333333333333335
509,0.693347899759214,0.4715127701375245,0.5666666666666667
763,0.6924777467733282,0.5677799607072691,0.5666666666666667
1018,0.6917125633048636,0.5677799607072691,0.5666666666666667
1272,0.6912148818520057,0.5677799607072691,0.5666666666666667
1527,0.6910139367950454,0.5677799607072691,0.5666666666666667
1781,0.6908785477134239,0.5677799607072691,0.5666666666666667
2036,0.6908163963460267,0.5677799607072691,0.5666666666666667
2290,0.6907735581716526,0.5677799607072691,0.5666666666666667
