steps,train_loss,train_acc,val_acc
1017,1.674902446121124,0.551622418879056,0.56353591160221
2034,1.1837350463562424,0.568338249754179,0.56353591160221
3051,1.186954690057385,0.568338249754179,0.56353591160221
4068,1.163227201328634,0.568338249754179,0.56353591160221
5085,1.153976477001269,0.568338249754179,0.56353591160221
6102,1.151681534777466,0.568338249754179,0.56353591160221
7119,1.151705820183018,0.568338249754179,0.56353591160221
8136,1.1515979879373646,0.568338249754179,0.56353591160221
