steps,train_loss,train_acc,val_acc
1018,0.7257549301053311,0.5756385068762279,0.55
2036,0.7000800818790387,0.5422396856581532,0.5444444444444445
3054,0.6937220856283878,0.5265225933202358,0.5722222222222223
4072,0.7191592617974066,0.5284872298624754,0.5833333333333334
