steps,train_loss,train_acc,val_acc
15,0.4087745852929436,0.8290766208251473,0.7000000000000001
31,0.3408059244188672,0.8713163064833005,0.9166666666666667
47,0.3003529103542358,0.8732809430255402,0.9222222222222223
63,0.22513881896591373,0.8998035363457759,0.9055555555555556
79,0.23784175866479254,0.9037328094302554,0.8944444444444445
95,0.21160908707935355,0.8998035363457759,0.888888888888889
111,0.19808873396608356,0.9106090373280943,0.9055555555555556
127,0.17756879599014763,0.9322200392927308,0.9111111111111111
143,0.1833457087838111,0.9204322200392927,0.9
