steps,train_loss,train_acc,val_acc
254,0.4580954654921717,0.793713163064833,0.9277777777777778
509,0.3493870778964404,0.8546168958742631,0.9055555555555556
763,0.2895008625356528,0.8791748526522593,0.9222222222222223
1018,0.2499084872557747,0.8929273084479371,0.9277777777777778
1272,0.23163406082478394,0.9145383104125736,0.9277777777777778
1527,0.21483093142977866,0.9086444007858545,0.9277777777777778
1781,0.2188655315424464,0.9204322200392927,0.9111111111111111
2036,0.23626866406799535,0.905697445972495,0.9166666666666667
