steps,train_loss,train_acc,val_acc
127,1.439185834563939,0.5535889872173059,0.6077348066298343
254,0.9168437982496376,0.6332350049164209,0.6961325966850829
381,0.8285986364415262,0.6588003933136677,0.6629834254143646
508,0.771180113625503,0.6823992133726647,0.6408839779005524
635,0.7120530871397861,0.7148475909537857,0.6850828729281768
762,0.6986120586432772,0.736479842674533,0.6795580110497237
889,0.6618729298796977,0.7453294001966568,0.6464088397790055
1017,0.6628796127107408,0.7325467059980335,0.6574585635359116
1144,0.6406596366869196,0.7453294001966568,0.6629834254143646
