{
    "best_val_accuracy": 0.8222222222222223,
    "train_accuracy": 0.7190569744597249,
    "train_loss": 0.5412689839107349,
    "finished_epochs": 13,
    "train_duration_minutes": 5.853102433681488,
    "batch_size": 2.0,
    "lr_decay": 0.3,
    "lr": 0.0001,
    "momentum": 0.3,
    "weight_decay": 0.41869010152423847
}