{
    "best_val_accuracy": 0.56353591160221,
    "train_accuracy": 0.5703048180924287,
    "train_loss": 1.114974511056523,
    "finished_epochs": 9,
    "train_duration_minutes": 20.74653251171112,
    "batch_size": 4.0,
    "lr_decay": 0.03,
    "adam_lr": 0.0001,
    "adam_beta1": 0.99,
    "adam_beta2": 0.9634597623746822,
    "adam_wtdecay": 0.8578990913035947
}