steps,train_loss,train_acc,val_acc
254,1.2561016270310243,0.5024582104228122,0.5580110497237569
508,1.114974511056523,0.5703048180924287,0.56353591160221
762,1.0537766407490246,0.5693215339233039,0.56353591160221
1017,1.0299730161415557,0.5722713864306785,0.56353591160221
1271,1.0178726763851875,0.5712881022615536,0.56353591160221
1525,1.0055822075409642,0.5752212389380531,0.56353591160221
1779,1.012985247543545,0.5732546705998034,0.56353591160221
2034,0.9988658309803365,0.5752212389380531,0.5580110497237569
2288,1.011175030686745,0.5732546705998034,0.56353591160221
