steps,train_loss,train_acc,val_acc
509,30.413106860574665,0.5098231827111984,0.5722222222222223
1018,1.0570794824064362,0.5599214145383103,0.5666666666666667
1527,0.7912338597074239,0.5481335952848723,0.5166666666666667
2036,0.6730518413960114,0.6090373280943026,0.5055555555555555
2545,0.6426790920479593,0.6110019646365422,0.5
3054,0.6290124619639459,0.6493123772102161,0.5
3563,0.6334164475762305,0.6257367387033398,0.5111111111111112
4072,0.6308815161055338,0.6090373280943026,0.5222222222222223
