steps,train_loss,train_acc,val_acc
508,1.4731514554694223,0.4955752212389381,0.5911602209944751
1017,1.1540562102576624,0.5545722713864307,0.56353591160221
1525,1.1296445208078758,0.5545722713864307,0.47513812154696133
2034,1.0480001173774285,0.5791543756145526,0.47513812154696133
2542,1.0003437187702138,0.6047197640117995,0.4585635359116022
3051,0.9702575298771628,0.6086529006882989,0.5303867403314917
3559,0.9492757856083948,0.6204523107177975,0.4530386740331491
4068,0.9602763566061224,0.6273352999016716,0.5193370165745856
