steps,train_loss,train_acc,val_acc
509,0.9905169792692882,0.5589390962671905,0.6277777777777778
1018,0.66887593857783,0.6385068762278978,0.6555555555555556
1527,0.6341221482439922,0.6650294695481336,0.6166666666666667
2036,0.6805055465234521,0.600196463654224,0.5055555555555555
2545,0.6603804278701603,0.6051080550098231,0.5722222222222223
3054,0.6352955834804678,0.6473477406679764,0.5111111111111112
3563,0.6082328743573959,0.662082514734774,0.5388888888888889
4072,0.6023318131393909,0.6797642436149312,0.5055555555555555
4581,0.610263767756507,0.6630648330058939,0.48333333333333334
