{
    "best_val_accuracy": 0.8453038674033149,
    "train_accuracy": 0.8210422812192725,
    "train_loss": 0.4698427149562592,
    "finished_epochs": 21,
    "train_duration_minutes": 48.432210783163704,
    "batch_size": 4.0,
    "lr_decay": 0.03,
    "adam_lr": 0.1,
    "adam_beta1": 0.75,
    "adam_beta2": 0.9999,
    "adam_wtdecay": 0.4398815464979453
}