{
    "best_val_accuracy": 0.7833333333333333,
    "train_accuracy": 0.8094302554027505,
    "train_loss": 0.4876686756175253,
    "finished_epochs": 18,
    "train_duration_minutes": 7.478174300988515,
    "batch_size": 4.0,
    "lr_decay": 0.03,
    "adam_lr": 0.0001,
    "adam_beta1": 0.9738483160457537,
    "adam_beta2": 0.9999,
    "adam_wtdecay": 0.5883176099578923
}