{
    "best_val_accuracy": 0.569060773480663,
    "train_accuracy": 0.568338249754179,
    "train_loss": 1.0471784586751707,
    "finished_epochs": 15,
    "train_duration_minutes": 33.80432127714157,
    "batch_size": 4.0,
    "lr_decay": 0.16471723727423107,
    "lr": 0.0001,
    "momentum": 0.4751377934305324,
    "weight_decay": 0.731431087383808
}