{
    "best_val_accuracy": 0.9222222222222223,
    "train_accuracy": 0.8978388998035363,
    "train_loss": 0.2542996629926217,
    "finished_epochs": 14,
    "train_duration_minutes": 21.886188332239787,
    "batch_size": 8.0,
    "lr_decay": 0.3,
    "adam_lr": 0.1,
    "adam_beta1": 0.75,
    "adam_beta2": 0.9,
    "adam_wtdecay": 0.8903911717438141
}