{
    "best_val_accuracy": 0.9166666666666667,
    "train_accuracy": 0.9047151277013752,
    "train_loss": 0.22546164729506188,
    "finished_epochs": 19,
    "train_duration_minutes": 6.316247208913167,
    "batch_size": 8.0,
    "lr_decay": 0.09541319258310547,
    "adam_lr": 0.09268951665613512,
    "adam_beta1": 0.889040836477313,
    "adam_beta2": 0.9458151500652984,
    "adam_wtdecay": 0.9148212990924666
}