steps,train_loss,train_acc,val_acc
254,1.256549142161888,0.5054080629301868,0.569060773480663
508,1.0877582799485768,0.568338249754179,0.56353591160221
762,1.0127492377071137,0.568338249754179,0.56353591160221
1017,0.9800072548546505,0.568338249754179,0.56353591160221
1271,0.9540763081819728,0.5712881022615536,0.569060773480663
1525,0.959644718742183,0.576204523107178,0.56353591160221
1779,0.9572779954124458,0.5722713864306785,0.569060773480663
2034,0.9395834275520423,0.5703048180924287,0.56353591160221
