{
    "best_val_accuracy": 0.8166666666666667,
    "train_accuracy": 0.7337917485265225,
    "train_loss": 0.5205471445687393,
    "finished_epochs": 14,
    "train_duration_minutes": 6.2653625965118405,
    "batch_size": 2.0,
    "lr_decay": 0.3,
    "lr": 0.0001,
    "momentum": 0.3,
    "weight_decay": 0.3189996731011999
}