{
    "best_val_accuracy": 0.8555555555555556,
    "train_accuracy": 0.8850687622789783,
    "train_loss": 0.2748419347938245,
    "finished_epochs": 12,
    "train_duration_minutes": 5.401053516070048,
    "batch_size": 8.0,
    "lr_decay": 0.048881511311010185,
    "lr": 0.055929324876411154,
    "momentum": 0.8736814716356536,
    "weight_decay": 0.9146407004285428
}