steps,train_loss,train_acc,val_acc
21,0.31188652490234564,0.8644400785854617,0.7666666666666667
42,0.23045783848565782,0.9027504911591355,0.8777777777777778
63,0.2343206567825175,0.9007858546168959,0.8944444444444445
84,0.1598795323919922,0.931237721021611,0.85
106,0.18912108895352406,0.9145383104125736,0.8944444444444445
127,0.1603224344976056,0.9400785854616895,0.9111111111111111
148,0.13670635914287305,0.9459724950884085,0.9055555555555556
169,0.14419025021709486,0.9361493123772101,0.9055555555555556
190,0.11404746805989203,0.9548133595284871,0.9
