steps,train_loss,train_acc,val_acc
31,0.3841864658713575,0.8438113948919449,0.65
63,0.3121350648829417,0.8831041257367387,0.8166666666666667
95,0.24473868688103725,0.9027504911591355,0.8777777777777778
127,0.22931301623055883,0.9027504911591355,0.8722222222222222
159,0.21078316267206534,0.9174852652259331,0.8
190,0.1966904758645884,0.9263261296660117,0.8611111111111112
222,0.17242455520540886,0.9204322200392927,0.8722222222222222
254,0.16824220486848904,0.9233791748526522,0.8666666666666667
286,0.17228589670948524,0.9302554027504911,0.8722222222222222
