{
    "best_val_accuracy": 0.861878453038674,
    "train_accuracy": 0.8387413962635202,
    "train_loss": 0.4124757156376759,
    "finished_epochs": 18,
    "train_duration_minutes": 41.48702760140101,
    "batch_size": 4.0,
    "lr_decay": 0.03,
    "adam_lr": 0.1,
    "adam_beta1": 0.75,
    "adam_beta2": 0.9999,
    "adam_wtdecay": 0.6328327610689443
}