{
    "best_val_accuracy": 0.8222222222222223,
    "train_accuracy": 0.786836935166994,
    "train_loss": 0.4550008273780463,
    "finished_epochs": 36,
    "train_duration_minutes": 16.693631354967753,
    "batch_size": 8.0,
    "lr_decay": 0.2698673820851523,
    "lr": 0.07615825307110292,
    "momentum": 0.8624799635099628,
    "weight_decay": 0.3269242746476461
}