{
    "best_val_accuracy": 0.8111111111111111,
    "train_accuracy": 0.7426326129666011,
    "train_loss": 0.589097084488522,
    "finished_epochs": 23,
    "train_duration_minutes": 35.9542073170344,
    "batch_size": 8.0,
    "lr_decay": 0.1674056474544423,
    "adam_lr": 0.0001,
    "adam_beta1": 0.75,
    "adam_beta2": 0.9999,
    "adam_wtdecay": 1.0
}