{
    "best_val_accuracy": 0.9,
    "train_accuracy": 0.905697445972495,
    "train_loss": 0.22801838844487615,
    "finished_epochs": 14,
    "train_duration_minutes": 40.21334278980891,
    "batch_size": 2.0,
    "lr_decay": 0.03,
    "adam_lr": 0.1,
    "adam_beta1": 0.9609647130887078,
    "adam_beta2": 0.9999,
    "adam_wtdecay": 0.6004721919282963
}