{
    "best_val_accuracy": 0.5722222222222223,
    "train_accuracy": 0.5383104125736738,
    "train_loss": 0.6887757638816984,
    "finished_epochs": 17,
    "train_duration_minutes": 10.612018469969431,
    "batch_size": 8.0,
    "lr_decay": 0.3,
    "lr": 0.0001,
    "momentum": 0.5971784159870785,
    "weight_decay": 1.0
}