{
    "best_val_accuracy": 0.9111111111111111,
    "train_accuracy": 0.8939096267190569,
    "train_loss": 0.25350960082061635,
    "finished_epochs": 15,
    "train_duration_minutes": 4.9890555540720625,
    "batch_size": 8.0,
    "lr_decay": 0.0416815416165373,
    "adam_lr": 0.1,
    "adam_beta1": 0.7962546820758276,
    "adam_beta2": 0.902632295241717,
    "adam_wtdecay": 0.7779862099780412
}