steps,train_loss,train_acc,val_acc
31,2.868877857015079,0.5634218289085546,0.56353591160221
63,3.087333235651577,0.568338249754179,0.56353591160221
95,3.058507127396125,0.568338249754179,0.56353591160221
127,3.0527028315421285,0.568338249754179,0.56353591160221
158,3.0807779069729846,0.568338249754179,0.56353591160221
190,3.0940665221143964,0.568338249754179,0.56353591160221
222,3.067624413041121,0.568338249754179,0.56353591160221
