{
    "accuracy": 0.8084112149532711,
    "confusion_matrix": "[[ 19   8   3   4]\n [  2  28   4   2]\n [  1   3  13   6]\n [  3   2   3 113]]",
    "precisionmicro": 0.8084112149532711,
    "precisionmacro": 0.7280360551431602,
    "precisionweighted": 0.8075204011853202,
    "recallmicro": 0.8084112149532711,
    "recallmacro": 0.7089257490036378,
    "recallweighted": 0.8084112149532711,
    "f1micro": 0.808411214953271,
    "f1macro": 0.7138142755447786,
    "f1weighted": 0.8048725462270102
}