{
    "best_val_accuracy": 0.6055555555555556,
    "train_accuracy": 0.5756385068762279,
    "train_loss": 0.6799186855144725,
    "finished_epochs": 17,
    "train_duration_minutes": 20.806476179758707,
    "batch_size": 1.0,
    "lr_decay": 0.14119955621336566,
    "lr": 0.09950555991035676,
    "momentum": 0.7163634232868179,
    "weight_decay": 0.05183555980192578
}