{
    "best_val_accuracy": 0.8666666666666667,
    "train_accuracy": 0.8585461689587426,
    "train_loss": 0.34605908862265716,
    "finished_epochs": 8,
    "train_duration_minutes": 4.236926662921905,
    "batch_size": 8.0,
    "lr_decay": 0.18891135839352655,
    "adam_lr": 0.009259469462777625,
    "adam_beta1": 0.99,
    "adam_beta2": 0.9,
    "adam_wtdecay": 0.831145233479801
}