steps,train_loss,train_acc,val_acc
127,0.34605908862265716,0.8585461689587426,0.8666666666666667
254,0.3638852253292773,0.8536345776031433,0.8611111111111112
381,0.319534772856999,0.8654223968565815,0.8
509,0.2568424800173004,0.8889980353634577,0.8277777777777778
636,0.27216218309458673,0.8840864440078585,0.8333333333333334
763,0.26615503652859296,0.9027504911591355,0.8055555555555556
890,0.20350222192953518,0.9106090373280943,0.8555555555555556
1018,0.21371910139947603,0.912573673870334,0.85
