steps,train_loss,train_acc,val_acc
1017,1.2341547029911593,0.5486725663716815,0.56353591160221
2034,1.1691784501486002,0.568338249754179,0.56353591160221
3051,1.1683897829688756,0.568338249754179,0.56353591160221
4068,1.1534713412925324,0.568338249754179,0.56353591160221
5085,1.1524311158743814,0.568338249754179,0.56353591160221
6102,1.1506703794881659,0.568338249754179,0.56353591160221
7119,1.1506847167788705,0.568338249754179,0.56353591160221
8136,1.150320195577372,0.568338249754179,0.56353591160221
