{
    "best_val_accuracy": 0.7900552486187845,
    "train_accuracy": 0.8102261553588987,
    "train_loss": 0.469559677817008,
    "finished_epochs": 17,
    "train_duration_minutes": 39.202880736192064,
    "batch_size": 4.0,
    "lr_decay": 0.03,
    "adam_lr": 0.1,
    "adam_beta1": 0.75,
    "adam_beta2": 0.9999,
    "adam_wtdecay": 0.45096022794032464
}