{
    "best_val_accuracy": 0.712707182320442,
    "train_accuracy": 0.656833824975418,
    "train_loss": 0.8399148368319697,
    "finished_epochs": 15,
    "train_duration_minutes": 4.523607710997264,
    "batch_size": 4.0,
    "lr_decay": 0.3,
    "lr": 0.0001,
    "momentum": 0.3,
    "weight_decay": 0.0
}