{
    "best_val_accuracy": 0.712707182320442,
    "train_accuracy": 0.6578171091445428,
    "train_loss": 0.8872431612764957,
    "finished_epochs": 8,
    "train_duration_minutes": 2.8319904088973997,
    "batch_size": 8.0,
    "lr_decay": 0.07799814202394137,
    "lr": 0.016942745815169042,
    "momentum": 0.6697795118026557,
    "weight_decay": 0.36128660387580175
}