{
    "best_val_accuracy": 0.8722222222222222,
    "train_accuracy": 0.8693516699410608,
    "train_loss": 0.3025961386841266,
    "finished_epochs": 50,
    "train_duration_minutes": 22.490350035826363,
    "batch_size": 2.0,
    "lr_decay": 0.3,
    "lr": 0.008602648323445249,
    "momentum": 0.3,
    "weight_decay": 0.407307219729649
}