{
    "best_val_accuracy": 0.9277777777777778,
    "train_accuracy": 0.8939096267190569,
    "train_loss": 0.26946598976440655,
    "finished_epochs": 17,
    "train_duration_minutes": 12.102648504575093,
    "batch_size": 8.0,
    "lr_decay": 0.03,
    "adam_lr": 0.1,
    "adam_beta1": 0.75,
    "adam_beta2": 0.9999,
    "adam_wtdecay": 1.0
}