{
    "best_val_accuracy": 0.6408839779005524,
    "train_accuracy": 0.6912487708947886,
    "train_loss": 0.7392989445107759,
    "finished_epochs": 14,
    "train_duration_minutes": 18.026534855365753,
    "batch_size": 2.0,
    "lr_decay": 0.3,
    "lr": 0.1,
    "momentum": 0.3,
    "weight_decay": 0.29885730701935576
}