steps,train_loss,train_acc,val_acc
254,1.0738066576106242,0.5722713864306785,0.5966850828729282
508,1.0118296035037044,0.6066863323500492,0.6077348066298343
762,0.9507803445720391,0.616519174041298,0.6022099447513812
1017,0.9345620541211543,0.6125860373647984,0.5414364640883977
1271,0.8697656342648006,0.6470009832841692,0.5524861878453038
1525,0.8512714724976757,0.6479842674532941,0.5524861878453038
1779,0.8560886490895919,0.6460176991150443,0.5580110497237569
2034,0.8397077855341788,0.6607669616519174,0.5580110497237569
2288,0.8484818405575223,0.6470009832841692,0.5580110497237569
