{
    "best_val_accuracy": 0.8777777777777778,
    "train_accuracy": 0.8094302554027505,
    "train_loss": 0.49403259667525823,
    "finished_epochs": 18,
    "train_duration_minutes": 17.111133535703022,
    "batch_size": 4.0,
    "lr_decay": 0.216106792273957,
    "adam_lr": 0.0001,
    "adam_beta1": 0.99,
    "adam_beta2": 0.9,
    "adam_wtdecay": 0.8265538610207932
}