{
    "best_val_accuracy": 0.6519337016574586,
    "train_accuracy": 0.7000983284169126,
    "train_loss": 0.7511024033191047,
    "finished_epochs": 10,
    "train_duration_minutes": 6.714975269635518,
    "batch_size": 4.0,
    "lr_decay": 0.034966970333338426,
    "adam_lr": 0.03743705750217868,
    "adam_beta1": 0.8893013717111984,
    "adam_beta2": 0.938028176544233,
    "adam_wtdecay": 0.7357798886203047
}