{
    "best_val_accuracy": 0.8777777777777778,
    "train_accuracy": 0.9155206286836934,
    "train_loss": 0.2209406000633371,
    "finished_epochs": 15,
    "train_duration_minutes": 23.475945190588632,
    "batch_size": 8.0,
    "lr_decay": 0.3,
    "adam_lr": 0.1,
    "adam_beta1": 0.75,
    "adam_beta2": 0.9,
    "adam_wtdecay": 1.0
}