{
    "best_val_accuracy": 0.8055555555555556,
    "train_accuracy": 0.8005893909626719,
    "train_loss": 0.49510901018772235,
    "finished_epochs": 13,
    "train_duration_minutes": 31.304070365428924,
    "batch_size": 4.0,
    "lr_decay": 0.3,
    "adam_lr": 0.0001,
    "adam_beta1": 0.99,
    "adam_beta2": 0.9,
    "adam_wtdecay": 1.0
}