steps,train_loss,train_acc,val_acc
63,1.4763774128672882,0.5919370698131761,0.16574585635359115
127,3.801571043777841,0.5634218289085546,0.26519337016574585
190,2.149160376575024,0.5526057030481809,0.56353591160221
254,1.0702307026763698,0.5673549655850542,0.56353591160221
317,1.139630480970722,0.568338249754179,0.56353591160221
381,1.1228862318669097,0.568338249754179,0.56353591160221
444,1.0679741154260927,0.568338249754179,0.56353591160221
508,1.2076689689443056,0.568338249754179,0.56353591160221
572,1.0401477789105216,0.568338249754179,0.56353591160221
