{
    "best_val_accuracy": 0.8333333333333334,
    "train_accuracy": 0.81237721021611,
    "train_loss": 0.44134140565025315,
    "finished_epochs": 25,
    "train_duration_minutes": 16.746201586723327,
    "batch_size": 4.0,
    "lr_decay": 0.03,
    "adam_lr": 0.0001,
    "adam_beta1": 0.99,
    "adam_beta2": 0.9,
    "adam_wtdecay": 1.0
}