{
    "best_val_accuracy": 0.6961325966850829,
    "train_accuracy": 0.6656833824975418,
    "train_loss": 0.7803075984047109,
    "finished_epochs": 12,
    "train_duration_minutes": 37.61115411917368,
    "batch_size": 2.0,
    "lr_decay": 0.03,
    "adam_lr": 0.1,
    "adam_beta1": 0.75,
    "adam_beta2": 0.9,
    "adam_wtdecay": 1.0
}