{
    "best_val_accuracy": 0.5944444444444444,
    "train_accuracy": 0.5520628683693516,
    "train_loss": 0.690734497222076,
    "finished_epochs": 11,
    "train_duration_minutes": 8.10302313566208,
    "batch_size": 4.0,
    "lr_decay": 0.22076293721547985,
    "adam_lr": 0.0924630452004151,
    "adam_beta1": 0.8177591113188062,
    "adam_beta2": 0.9777751450703464,
    "adam_wtdecay": 0.26684232986133605
}