{
    "best_val_accuracy": 0.7569060773480663,
    "train_accuracy": 0.7069813176007866,
    "train_loss": 0.7439115189286929,
    "finished_epochs": 10,
    "train_duration_minutes": 31.3773175517718,
    "batch_size": 2.0,
    "lr_decay": 0.03,
    "adam_lr": 0.1,
    "adam_beta1": 0.75,
    "adam_beta2": 0.9999,
    "adam_wtdecay": 1.0
}