steps,train_loss,train_acc,val_acc
509,0.7228240846767875,0.6208251473477406,0.7222222222222222
1018,0.5266272379689226,0.7337917485265225,0.8444444444444444
1527,0.5188986397620972,0.7544204322200392,0.75
2036,0.4555631508293227,0.7907662082514734,0.7555555555555555
2545,0.39626830590848605,0.8271119842829076,0.8
3054,0.33307841153767814,0.8585461689587426,0.7777777777777778
3563,0.2981462586078288,0.8791748526522593,0.8166666666666667
4072,0.28601943700041893,0.887033398821218,0.8
4581,0.2597612232730993,0.8958742632612966,0.8333333333333334
