steps,train_loss,train_acc,val_acc
254,0.5755514506916635,0.7475442043222004,0.7722222222222223
509,0.48860802830787914,0.7760314341846758,0.8333333333333334
763,0.4304921195525786,0.818271119842829,0.7444444444444445
1018,0.38698402152548605,0.8280943025540275,0.7388888888888889
1272,0.3841886438414718,0.8251473477406679,0.8055555555555556
1527,0.33588331220543455,0.8575638506876228,0.8055555555555556
1781,0.3344660541280548,0.8467583497053045,0.8111111111111111
2036,0.29038439020660867,0.8693516699410608,0.8166666666666667
2290,0.323824376219148,0.8595284872298624,0.8166666666666667
