{
    "best_val_accuracy": 0.8611111111111112,
    "train_accuracy": 0.8634577603143417,
    "train_loss": 0.32359100117079165,
    "finished_epochs": 23,
    "train_duration_minutes": 15.384557497501373,
    "batch_size": 4.0,
    "lr_decay": 0.206764271539534,
    "adam_lr": 0.047487883223037076,
    "adam_beta1": 0.9893126585235615,
    "adam_beta2": 0.9985617817133894,
    "adam_wtdecay": 0.5114564151118184
}