{
    "best_val_accuracy": 0.8944444444444445,
    "train_accuracy": 0.8487229862475442,
    "train_loss": 0.3472230779281534,
    "finished_epochs": 14,
    "train_duration_minutes": 7.005810681978861,
    "batch_size": 4.0,
    "lr_decay": 0.047670819468484615,
    "adam_lr": 0.0015316268712970782,
    "adam_beta1": 0.8200356629673121,
    "adam_beta2": 0.9356356533369401,
    "adam_wtdecay": 0.7246425900973981
}