{
    "best_val_accuracy": 0.9277777777777778,
    "train_accuracy": 0.8781925343811394,
    "train_loss": 0.32698417863349316,
    "finished_epochs": 10,
    "train_duration_minutes": 28.74491733709971,
    "batch_size": 2.0,
    "lr_decay": 0.3,
    "adam_lr": 0.1,
    "adam_beta1": 0.99,
    "adam_beta2": 0.9999,
    "adam_wtdecay": 0.8078461443961257
}