{
    "best_val_accuracy": 0.56353591160221,
    "train_accuracy": 0.4808259587020649,
    "train_loss": 1.2518330844102707,
    "finished_epochs": 8,
    "train_duration_minutes": 2.40877650976181,
    "batch_size": 4.0,
    "lr_decay": 0.03,
    "lr": 0.0001,
    "momentum": 0.3,
    "weight_decay": 0.5482263509777489
}