steps,train_loss,train_acc,val_acc
254,1.2518330844102707,0.4808259587020649,0.56353591160221
508,1.1193534232522182,0.568338249754179,0.56353591160221
762,1.0664065510122474,0.568338249754179,0.56353591160221
1017,1.0519520029088623,0.568338249754179,0.56353591160221
1271,1.0486894947940972,0.568338249754179,0.56353591160221
1525,1.0548240016109238,0.568338249754179,0.56353591160221
1779,1.0485062256909636,0.568338249754179,0.56353591160221
2034,1.0548660794425033,0.568338249754179,0.56353591160221
