{
    "best_val_accuracy": 0.9444444444444445,
    "train_accuracy": 0.9223968565815324,
    "train_loss": 0.19933982963412122,
    "finished_epochs": 50,
    "train_duration_minutes": 35.578395156065625,
    "batch_size": 8.0,
    "lr_decay": 0.3,
    "adam_lr": 0.1,
    "adam_beta1": 0.75,
    "adam_beta2": 0.9999,
    "adam_wtdecay": 0.2843050523060974
}