{
    "best_val_accuracy": 0.9277777777777778,
    "train_accuracy": 0.905697445972495,
    "train_loss": 0.22684227866953155,
    "finished_epochs": 15,
    "train_duration_minutes": 36.56074021657308,
    "batch_size": 4.0,
    "lr_decay": 0.3,
    "adam_lr": 0.1,
    "adam_beta1": 0.75,
    "adam_beta2": 0.9999,
    "adam_wtdecay": 1.0
}