{
    "best_val_accuracy": 0.5666666666666667,
    "train_accuracy": 0.4656188605108055,
    "train_loss": 0.6936375817873155,
    "finished_epochs": 8,
    "train_duration_minutes": 23.86909355719884,
    "batch_size": 1.0,
    "lr_decay": 0.03,
    "adam_lr": 0.0001,
    "adam_beta1": 0.75,
    "adam_beta2": 0.9999,
    "adam_wtdecay": 0.0
}