steps,train_loss,train_acc,val_acc
1018,0.6936375817873155,0.4656188605108055,0.5666666666666667
2036,0.6918966168856105,0.5677799607072691,0.5666666666666667
3054,0.6904456425158121,0.5677799607072691,0.5666666666666667
4072,0.6897449216463243,0.5677799607072691,0.5666666666666667
5090,0.6897095006200794,0.5677799607072691,0.5666666666666667
6108,0.6896903021864901,0.5677799607072691,0.5666666666666667
7126,0.6896892537185392,0.5677799607072691,0.5666666666666667
8144,0.6896886874744138,0.5677799607072691,0.5666666666666667
