{
    "best_val_accuracy": 0.8722222222222222,
    "train_accuracy": 0.8113948919449901,
    "train_loss": 0.45543256565957735,
    "finished_epochs": 26,
    "train_duration_minutes": 8.733727033933004,
    "batch_size": 4.0,
    "lr_decay": 0.22100572125364934,
    "adam_lr": 0.0001,
    "adam_beta1": 0.75,
    "adam_beta2": 0.9999,
    "adam_wtdecay": 0.7566193682108485
}