{
    "best_val_accuracy": 0.9055555555555556,
    "train_accuracy": 0.8133595284872298,
    "train_loss": 0.4738413589642418,
    "finished_epochs": 17,
    "train_duration_minutes": 16.190577185153963,
    "batch_size": 4.0,
    "lr_decay": 0.3,
    "adam_lr": 0.0001,
    "adam_beta1": 0.99,
    "adam_beta2": 0.9,
    "adam_wtdecay": 0.43145796087602767
}