{
    "best_val_accuracy": 0.9444444444444445,
    "train_accuracy": 0.8565815324165029,
    "train_loss": 0.3438260748484748,
    "finished_epochs": 10,
    "train_duration_minutes": 24.364081291357675,
    "batch_size": 4.0,
    "lr_decay": 0.03,
    "adam_lr": 0.1,
    "adam_beta1": 0.75,
    "adam_beta2": 0.9999,
    "adam_wtdecay": 0.7048224832957745
}