{
    "best_val_accuracy": 0.9055555555555556,
    "train_accuracy": 0.8654223968565815,
    "train_loss": 0.3196989404429153,
    "finished_epochs": 11,
    "train_duration_minutes": 6.4068529089291895,
    "batch_size": 8.0,
    "lr_decay": 0.3,
    "adam_lr": 0.1,
    "adam_beta1": 0.99,
    "adam_beta2": 0.9999,
    "adam_wtdecay": 1.0
}