steps,train_loss,train_acc,val_acc
1017,nan,0.568338249754179,0.56353591160221
2034,nan,0.568338249754179,0.56353591160221
3051,nan,0.568338249754179,0.56353591160221
4068,nan,0.568338249754179,0.56353591160221
5085,nan,0.568338249754179,0.56353591160221
6102,nan,0.568338249754179,0.56353591160221
7119,nan,0.568338249754179,0.56353591160221
8136,nan,0.568338249754179,0.56353591160221
