{
    "best_val_accuracy": 0.8055555555555556,
    "train_accuracy": 0.8035363457760314,
    "train_loss": 0.43864254158700144,
    "finished_epochs": 14,
    "train_duration_minutes": 7.387266623973846,
    "batch_size": 8.0,
    "lr_decay": 0.3,
    "adam_lr": 0.1,
    "adam_beta1": 0.75,
    "adam_beta2": 0.9,
    "adam_wtdecay": 0.9180001797108945
}