{
    "best_val_accuracy": 0.5722222222222223,
    "train_accuracy": 0.5874263261296659,
    "train_loss": 2.871382414474937,
    "finished_epochs": 8,
    "train_duration_minutes": 3.5898763378461203,
    "batch_size": 8.0,
    "lr_decay": 0.03,
    "lr": 0.1,
    "momentum": 0.99,
    "weight_decay": 0.30921060440732084
}