steps,train_loss,train_acc,val_acc
254,1.045964337731533,0.6086529006882989,0.7071823204419889
508,1.0078002612968227,0.5939036381514258,0.569060773480663
762,0.9948543034706379,0.5909537856440512,0.5469613259668508
1017,0.8995122478188784,0.6381514257620453,0.6022099447513812
1271,0.9218348618688368,0.6332350049164209,0.6685082872928176
1525,0.8797417925991257,0.6440511307767945,0.6187845303867403
1779,0.8857073922190108,0.6529006882989185,0.5580110497237569
2034,0.852498046299232,0.656833824975418,0.6298342541436464
