{
    "best_val_accuracy": 0.8444444444444444,
    "train_accuracy": 0.8948919449901768,
    "train_loss": 0.26236065033611006,
    "finished_epochs": 50,
    "train_duration_minutes": 26.530032392342886,
    "batch_size": 8.0,
    "lr_decay": 0.3,
    "adam_lr": 0.04228525840548685,
    "adam_beta1": 0.9845841770429694,
    "adam_beta2": 0.9,
    "adam_wtdecay": 0.9756209076200418
}