steps,train_loss,train_acc,val_acc
127,0.8260816936999296,0.6833824975417896,0.7403314917127072
254,0.6839826851350602,0.7472959685349067,0.6740331491712707
381,0.6702335051965104,0.7472959685349067,0.7403314917127072
508,0.5761219011061076,0.767944936086529,0.7790055248618785
635,0.5110560178522281,0.8062930186823992,0.7790055248618785
762,0.4779679315748937,0.8220255653883973,0.7955801104972375
