steps,train_loss,train_acc,val_acc
1018,0.8572950748715747,0.6630648330058939,0.6
2036,0.4377038515152772,0.8015717092337917,0.5333333333333333
3054,0.37015436803428037,0.8428290766208251,0.48333333333333334
4072,0.2900836263108113,0.8860510805500982,0.5222222222222223
5090,0.27338368693011683,0.8850687622789783,0.4666666666666667
6108,0.23359606024207208,0.8988212180746561,0.48888888888888893
7126,0.2523423711712562,0.8988212180746561,0.4666666666666667
