{
    "best_val_accuracy": 0.9555555555555556,
    "train_accuracy": 0.9361493123772101,
    "train_loss": 0.16172201618230178,
    "finished_epochs": 27,
    "train_duration_minutes": 42.18184980948766,
    "batch_size": 8.0,
    "lr_decay": 0.3,
    "adam_lr": 0.1,
    "adam_beta1": 0.75,
    "adam_beta2": 0.9,
    "adam_wtdecay": 1.0
}