steps,train_loss,train_acc,val_acc
127,0.5479108902583656,0.7534381139489194,0.9166666666666667
254,0.3322775434182997,0.8605108055009822,0.8055555555555556
381,0.3581667791883697,0.8506876227897838,0.8444444444444444
509,0.3250645683064676,0.8565815324165029,0.9
636,0.3207323350934476,0.8713163064833005,0.8722222222222222
763,0.2855673631422646,0.8889980353634577,0.8777777777777778
890,0.30408246080392937,0.8742632612966601,0.8722222222222222
1018,0.30056966814873026,0.8722986247544203,0.8722222222222222
