{
    "best_val_accuracy": 0.7955801104972375,
    "train_accuracy": 0.7728613569321534,
    "train_loss": 0.5956928047810333,
    "finished_epochs": 50,
    "train_duration_minutes": 78.16610427697499,
    "batch_size": 8.0,
    "lr_decay": 0.3,
    "adam_lr": 0.1,
    "adam_beta1": 0.99,
    "adam_beta2": 0.9,
    "adam_wtdecay": 1.0
}