{
    "best_val_accuracy": 0.85,
    "train_accuracy": 0.8163064833005893,
    "train_loss": 0.40450248145635564,
    "finished_epochs": 14,
    "train_duration_minutes": 6.9985802412033085,
    "batch_size": 4.0,
    "lr_decay": 0.04055922090212255,
    "adam_lr": 0.0005460136218602927,
    "adam_beta1": 0.8216165627528067,
    "adam_beta2": 0.9373058331340737,
    "adam_wtdecay": 0.7454289066427013
}