steps,train_loss,train_acc,val_acc
127,1.1647390145936665,0.6204523107177975,0.16574585635359115
254,0.7855822308576916,0.6873156342182891,0.729281767955801
381,0.7152239026807636,0.7138643067846608,0.56353591160221
508,0.7838167682392642,0.6764995083579155,0.574585635359116
635,0.649048419476962,0.7492625368731564,0.6298342541436464
762,0.5999997274010582,0.7649950835791545,0.6353591160220994
889,0.577493005680358,0.7590953785644051,0.6408839779005524
1017,0.5692567386927272,0.7738446411012783,0.6298342541436464
1144,0.5573149747201475,0.7984267453294003,0.6022099447513812
