{
    "best_val_accuracy": 0.6298342541436464,
    "train_accuracy": 0.5408062930186824,
    "train_loss": 1.2113993548245088,
    "finished_epochs": 8,
    "train_duration_minutes": 9.984540744622548,
    "batch_size": 2.0,
    "lr_decay": 0.3,
    "lr": 0.1,
    "momentum": 0.3,
    "weight_decay": 0.2803247364055348
}