steps,train_loss,train_acc,val_acc
508,1.2113993548245088,0.5408062930186824,0.6298342541436464
1017,1.0779319481746519,0.5909537856440512,0.574585635359116
1525,1.1394813846111767,0.5565388397246804,0.5193370165745856
2034,0.9976653985334826,0.6076696165191741,0.5138121546961326
2542,0.9202981260087755,0.6352015732546706,0.580110497237569
3051,0.8962007861221786,0.6479842674532941,0.6077348066298343
3559,0.8858783047576687,0.6420845624385447,0.569060773480663
4068,0.8592076632125539,0.6627335299901672,0.5580110497237569
