{
    "best_val_accuracy": 0.5666666666666667,
    "train_accuracy": 0.5147347740667976,
    "train_loss": 0.7055378809776194,
    "finished_epochs": 8,
    "train_duration_minutes": 5.4888680338859555,
    "batch_size": 2.0,
    "lr_decay": 0.3,
    "adam_lr": 0.1,
    "adam_beta1": 0.99,
    "adam_beta2": 0.9999,
    "adam_wtdecay": 0.0
}