steps,train_loss,train_acc,val_acc
509,0.7055378809776194,0.5147347740667976,0.5666666666666667
1018,0.6952304896296593,0.5304518664047151,0.5666666666666667
1527,0.7184285908527599,0.5324165029469548,0.5666666666666667
2036,0.6949064728084856,0.5442043222003929,0.5666666666666667
2545,0.6870512149657154,0.5677799607072691,0.5666666666666667
3054,0.6854319607579169,0.5677799607072691,0.5666666666666667
3563,0.6869187705174878,0.5481335952848723,0.5666666666666667
4072,0.6845406248199448,0.5677799607072691,0.5666666666666667
