{
    "best_val_accuracy": 0.9111111111111111,
    "train_accuracy": 0.8801571709233791,
    "train_loss": 0.27656194596955724,
    "finished_epochs": 10,
    "train_duration_minutes": 7.117469278971354,
    "batch_size": 8.0,
    "lr_decay": 0.3,
    "adam_lr": 0.1,
    "adam_beta1": 0.75,
    "adam_beta2": 0.9999,
    "adam_wtdecay": 0.8838690215444898
}