{
    "best_val_accuracy": 0.9222222222222223,
    "train_accuracy": 0.9322200392927308,
    "train_loss": 0.1677615708124427,
    "finished_epochs": 19,
    "train_duration_minutes": 54.63382136821747,
    "batch_size": 2.0,
    "lr_decay": 0.20448400165975503,
    "adam_lr": 0.1,
    "adam_beta1": 0.9262812102910999,
    "adam_beta2": 0.9999,
    "adam_wtdecay": 0.6686084104002429
}