{
    "best_val_accuracy": 0.8166666666666667,
    "train_accuracy": 0.805500982318271,
    "train_loss": 0.500913159727816,
    "finished_epochs": 10,
    "train_duration_minutes": 4.996465833981832,
    "batch_size": 4.0,
    "lr_decay": 0.03,
    "adam_lr": 0.0001,
    "adam_beta1": 0.8473696257241052,
    "adam_beta2": 0.9140910913785364,
    "adam_wtdecay": 0.6988761645054649
}