{
    "best_val_accuracy": 0.580110497237569,
    "train_accuracy": 0.5968534906588004,
    "train_loss": 1.0016304162516825,
    "finished_epochs": 12,
    "train_duration_minutes": 23.988901277383167,
    "batch_size": 4.0,
    "lr_decay": 0.2650101586024367,
    "lr": 0.006555331220978054,
    "momentum": 0.8920618273740315,
    "weight_decay": 0.3663660869976677
}