{
    "best_val_accuracy": 0.56353591160221,
    "train_accuracy": 0.5673549655850542,
    "train_loss": 11.31817440250513,
    "finished_epochs": 8,
    "train_duration_minutes": 8.733645137151083,
    "batch_size": 1.0,
    "lr_decay": 0.03,
    "lr": 0.1,
    "momentum": 0.3,
    "weight_decay": 1.0
}