steps,train_loss,train_acc,val_acc
1017,11.31817440250513,0.5673549655850542,0.56353591160221
2034,11.335204406708273,0.568338249754179,0.56353591160221
3051,11.327406049595236,0.568338249754179,0.56353591160221
4068,11.331364641967893,0.568338249754179,0.56353591160221
5085,11.340244985259739,0.568338249754179,0.56353591160221
6102,11.354531472880346,0.568338249754179,0.56353591160221
7119,11.322965526299491,0.568338249754179,0.56353591160221
8136,11.344840223224232,0.568338249754179,0.56353591160221
