{
    "best_val_accuracy": 0.9166666666666667,
    "train_accuracy": 0.8978388998035363,
    "train_loss": 0.2503976494893578,
    "finished_epochs": 12,
    "train_duration_minutes": 4.994227623939514,
    "batch_size": 4.0,
    "lr_decay": 0.3,
    "adam_lr": 0.1,
    "adam_beta1": 0.99,
    "adam_beta2": 0.9999,
    "adam_wtdecay": 1.0
}