{
    "best_val_accuracy": 0.9388888888888889,
    "train_accuracy": 0.8664047151277013,
    "train_loss": 0.3217850078651151,
    "finished_epochs": 50,
    "train_duration_minutes": 16.660744257767995,
    "batch_size": 8.0,
    "lr_decay": 0.03,
    "adam_lr": 0.1,
    "adam_beta1": 0.75,
    "adam_beta2": 0.9999,
    "adam_wtdecay": 0.9749050350102867
}