{
    "best_val_accuracy": 0.7611111111111112,
    "train_accuracy": 0.6581532416502947,
    "train_loss": 0.8226501338022866,
    "finished_epochs": 8,
    "train_duration_minutes": 11.81004765033722,
    "batch_size": 8.0,
    "lr_decay": 0.06939194801002477,
    "lr": 0.1,
    "momentum": 0.3,
    "weight_decay": 1.0
}