steps,train_loss,train_acc,val_acc
127,0.8226501338022866,0.6581532416502947,0.7611111111111112
254,0.8093866848172748,0.6768172888015717,0.7555555555555555
381,0.8145995330951069,0.6699410609037327,0.7555555555555555
509,0.8121654524784425,0.6768172888015717,0.7333333333333334
636,0.8273973490142635,0.6699410609037327,0.7444444444444445
763,0.8268894658575826,0.6787819253438113,0.7388888888888889
890,0.8493999357542027,0.6640471512770137,0.75
1018,0.8265504109250539,0.6856581532416502,0.7277777777777779
