{
    "best_val_accuracy": 0.6243093922651933,
    "train_accuracy": 0.6263520157325467,
    "train_loss": 0.904097714958641,
    "finished_epochs": 10,
    "train_duration_minutes": 46.83020518620809,
    "batch_size": 1.0,
    "lr_decay": 0.03,
    "adam_lr": 0.1,
    "adam_beta1": 0.75,
    "adam_beta2": 0.9999,
    "adam_wtdecay": 1.0
}