steps,train_loss,train_acc,val_acc
254,11.111742443156922,0.5004916420845624,0.5303867403314917
508,2.2293410304724994,0.5132743362831859,0.574585635359116
762,2.7467758786830694,0.5142576204523107,0.49723756906077343
1017,1.6286888128419423,0.5299901671583088,0.5248618784530387
1271,1.2664566401066213,0.5368731563421829,0.5359116022099447
1525,1.2413086013221928,0.5388397246804327,0.5138121546961326
1779,1.1898248942317982,0.5388397246804327,0.5138121546961326
2034,1.18882588592368,0.5457227138643068,0.5138121546961326
