{
    "best_val_accuracy": 0.9166666666666667,
    "train_accuracy": 0.8418467583497052,
    "train_loss": 0.36013411465585815,
    "finished_epochs": 11,
    "train_duration_minutes": 4.5636413335800174,
    "batch_size": 4.0,
    "lr_decay": 0.3,
    "adam_lr": 0.1,
    "adam_beta1": 0.99,
    "adam_beta2": 0.9999,
    "adam_wtdecay": 1.0
}