steps,train_loss,train_acc,val_acc
508,1.2078201229241745,0.5476892822025565,0.56353591160221
1017,1.142622632262981,0.568338249754179,0.56353591160221
1525,1.1115026566600144,0.568338249754179,0.56353591160221
2034,1.097110722679187,0.568338249754179,0.56353591160221
2542,1.0953639391132044,0.568338249754179,0.56353591160221
3051,1.0882326945911585,0.568338249754179,0.56353591160221
3559,1.0898435170906013,0.568338249754179,0.56353591160221
4068,1.09385796985795,0.568338249754179,0.56353591160221
