{
    "best_val_accuracy": 0.7513812154696132,
    "train_accuracy": 0.7551622418879056,
    "train_loss": 0.6133030021202365,
    "finished_epochs": 12,
    "train_duration_minutes": 19.107874278227488,
    "batch_size": 8.0,
    "lr_decay": 0.2603831962065084,
    "lr": 0.0001,
    "momentum": 0.41682022098743093,
    "weight_decay": 0.028606113050216247
}