{
    "best_val_accuracy": 0.7734806629834254,
    "train_accuracy": 0.7669616519174042,
    "train_loss": 0.5508535008514877,
    "finished_epochs": 34,
    "train_duration_minutes": 32.33376524845759,
    "batch_size": 4.0,
    "lr_decay": 0.2783177536128702,
    "adam_lr": 0.1,
    "adam_beta1": 0.9173748700182989,
    "adam_beta2": 0.9387488400570162,
    "adam_wtdecay": 0.7719228561997662
}