{
    "best_val_accuracy": 0.8277777777777778,
    "train_accuracy": 0.7848722986247544,
    "train_loss": 0.5046168686364629,
    "finished_epochs": 19,
    "train_duration_minutes": 6.399846263726553,
    "batch_size": 4.0,
    "lr_decay": 0.03,
    "adam_lr": 0.0001,
    "adam_beta1": 0.75,
    "adam_beta2": 0.9999,
    "adam_wtdecay": 1.0
}