{
    "best_val_accuracy": 0.8722222222222222,
    "train_accuracy": 0.8506876227897838,
    "train_loss": 0.334053025527881,
    "finished_epochs": 10,
    "train_duration_minutes": 22.66337658961614,
    "batch_size": 4.0,
    "lr_decay": 0.13748468228549449,
    "adam_lr": 0.0001,
    "adam_beta1": 0.8642906444538301,
    "adam_beta2": 0.9720896149995485,
    "adam_wtdecay": 0.46916814166104404
}