steps,train_loss,train_acc,val_acc
1017,1.4522604088398794,0.5349065880039332,0.48066298342541436
2034,1.1792024052834675,0.5634218289085546,0.56353591160221
3051,1.1708641432027902,0.568338249754179,0.56353591160221
4068,1.1624320570522353,0.568338249754179,0.430939226519337
5085,1.1527786409608733,0.568338249754179,0.4033149171270718
6102,1.1524127028450268,0.568338249754179,0.38121546961325964
7119,1.150957634432595,0.568338249754179,0.4143646408839779
8136,1.149989119790414,0.568338249754179,0.35359116022099446
9153,1.1503274463036537,0.568338249754179,0.4419889502762431
