steps,train_loss,train_acc,val_acc
1017,1.3883950137693504,0.5191740412979351,0.56353591160221
2034,1.1977962576065326,0.5624385447394298,0.56353591160221
3051,1.1892781263490224,0.5624385447394298,0.56353591160221
4068,1.1570157987764333,0.568338249754179,0.56353591160221
5085,1.156765255428697,0.568338249754179,0.56353591160221
6102,1.1510862912048632,0.568338249754179,0.56353591160221
7119,1.1558226380376337,0.568338249754179,0.56353591160221
8136,1.1520997783427394,0.568338249754179,0.56353591160221
