{
    "best_val_accuracy": 0.56353591160221,
    "train_accuracy": 0.5368731563421829,
    "train_loss": 1.2493710817957815,
    "finished_epochs": 8,
    "train_duration_minutes": 7.610875308513641,
    "batch_size": 4.0,
    "lr_decay": 0.3,
    "adam_lr": 0.0001,
    "adam_beta1": 0.75,
    "adam_beta2": 0.9024323571539961,
    "adam_wtdecay": 0.9012960257109236
}