steps,train_loss,train_acc,val_acc
254,1.2493710817957815,0.5368731563421829,0.56353591160221
508,1.1405774677280363,0.568338249754179,0.56353591160221
762,1.0964638863341294,0.568338249754179,0.56353591160221
1017,1.0733788389723562,0.568338249754179,0.56353591160221
1271,1.0560453587459837,0.568338249754179,0.56353591160221
1525,1.0600592697381739,0.568338249754179,0.56353591160221
1779,1.055000798540481,0.568338249754179,0.56353591160221
2034,1.0592947934581116,0.568338249754179,0.56353591160221
