{
    "best_val_accuracy": 0.7734806629834254,
    "train_accuracy": 0.8062930186823992,
    "train_loss": 0.4920933293499192,
    "finished_epochs": 15,
    "train_duration_minutes": 4.994138292471567,
    "batch_size": 8.0,
    "lr_decay": 0.3,
    "adam_lr": 0.1,
    "adam_beta1": 0.75,
    "adam_beta2": 0.9,
    "adam_wtdecay": 1.0
}