steps,train_loss,train_acc,val_acc
1017,1.2037997993044445,0.5594886922320551,0.56353591160221
2034,1.1641026885343044,0.5673549655850542,0.56353591160221
3051,1.1501737670238508,0.5624385447394298,0.56353591160221
4068,1.055412054897058,0.6057030481809244,0.56353591160221
5085,0.9416535656858921,0.6332350049164209,0.56353591160221
6102,0.7830036234334038,0.680432645034415,0.56353591160221
7119,0.7739826127916076,0.6932153392330384,0.56353591160221
8136,0.7337279340642392,0.696165191740413,0.56353591160221
