{
    "best_val_accuracy": 0.5359116022099447,
    "train_accuracy": 0.5496558505408063,
    "train_loss": 1.1534314350158181,
    "finished_epochs": 8,
    "train_duration_minutes": 8.274001105626423,
    "batch_size": 1.0,
    "lr_decay": 0.3,
    "lr": 0.0001,
    "momentum": 0.99,
    "weight_decay": 0.0
}