steps,train_loss,train_acc,val_acc
1017,1.1534314350158181,0.5496558505408063,0.5359116022099447
2034,0.8353082948495271,0.656833824975418,0.34806629834254144
3051,0.7387121562995272,0.7000983284169126,0.33701657458563533
4068,0.6712754273836592,0.7217305801376598,0.3756906077348066
5085,0.652053853755152,0.7276302851524091,0.39226519337016574
6102,0.6068581786362002,0.7472959685349067,0.35359116022099446
7119,0.6024394783767393,0.7463126843657818,0.33701657458563533
8136,0.5868237938735572,0.7640117994100295,0.3425414364640884
