{
    "best_val_accuracy": 0.5666666666666667,
    "train_accuracy": 0.8821218074656187,
    "train_loss": 0.30419109890526547,
    "finished_epochs": 13,
    "train_duration_minutes": 38.572140634059906,
    "batch_size": 1.0,
    "lr_decay": 0.3,
    "adam_lr": 0.1,
    "adam_beta1": 0.99,
    "adam_beta2": 0.9,
    "adam_wtdecay": 1.0
}