{
    "best_val_accuracy": 0.56353591160221,
    "train_accuracy": 0.5211406096361849,
    "train_loss": 1.2519480967591998,
    "finished_epochs": 8,
    "train_duration_minutes": 10.289767440160116,
    "batch_size": 2.0,
    "lr_decay": 0.3,
    "lr": 0.0001,
    "momentum": 0.3,
    "weight_decay": 0.5949377210296022
}