steps,train_loss,train_acc,val_acc
508,1.2519480967591998,0.5211406096361849,0.56353591160221
1017,1.143855088931621,0.568338249754179,0.56353591160221
1525,1.113692741888697,0.568338249754179,0.56353591160221
2034,1.0878104351849214,0.568338249754179,0.56353591160221
2542,1.0963734878316858,0.568338249754179,0.56353591160221
3051,1.0787967996728574,0.568338249754179,0.56353591160221
3559,1.072986182678883,0.568338249754179,0.56353591160221
4068,1.0806716904410454,0.568338249754179,0.56353591160221
