{
    "best_val_accuracy": 0.7403314917127072,
    "train_accuracy": 0.7787610619469028,
    "train_loss": 0.5960271682007826,
    "finished_epochs": 19,
    "train_duration_minutes": 9.51525919040044,
    "batch_size": 4.0,
    "lr_decay": 0.3,
    "adam_lr": 0.1,
    "adam_beta1": 0.9079412691926547,
    "adam_beta2": 0.9999,
    "adam_wtdecay": 1.0
}