{
    "best_val_accuracy": 0.7055555555555556,
    "train_accuracy": 0.74950884086444,
    "train_loss": 0.510910958812841,
    "finished_epochs": 12,
    "train_duration_minutes": 6.338459539413452,
    "batch_size": 8.0,
    "lr_decay": 0.03,
    "adam_lr": 0.1,
    "adam_beta1": 0.99,
    "adam_beta2": 0.9,
    "adam_wtdecay": 0.6830168508582966
}