{
    "best_val_accuracy": 0.7790055248618785,
    "train_accuracy": 0.8230088495575222,
    "train_loss": 0.43817178478634816,
    "finished_epochs": 21,
    "train_duration_minutes": 32.835548941294356,
    "batch_size": 8.0,
    "lr_decay": 0.3,
    "adam_lr": 0.1,
    "adam_beta1": 0.99,
    "adam_beta2": 0.9,
    "adam_wtdecay": 1.0
}