steps,train_loss,train_acc,val_acc
127,0.41647266024222307,0.8202357563850687,0.8055555555555556
254,0.281427119359052,0.8958742632612966,0.8555555555555556
381,0.30947629934678145,0.8811394891944989,0.8166666666666667
509,0.25424303656008485,0.9007858546168959,0.85
636,0.2177306121482362,0.9115913555992141,0.8277777777777778
763,0.20501488804348794,0.9194499017681729,0.8222222222222223
890,0.19618350785584254,0.9155206286836934,0.8166666666666667
1018,0.18402663669558078,0.9263261296660117,0.85
1145,0.17500984709717202,0.9351669941060903,0.8333333333333334
