{
    "best_val_accuracy": 0.9277777777777778,
    "train_accuracy": 0.931237721021611,
    "train_loss": 0.173313249100168,
    "finished_epochs": 26,
    "train_duration_minutes": 74.80568303664525,
    "batch_size": 2.0,
    "lr_decay": 0.2699403944659228,
    "adam_lr": 0.1,
    "adam_beta1": 0.99,
    "adam_beta2": 0.9999,
    "adam_wtdecay": 0.7566415456183206
}