{
    "best_val_accuracy": 0.8722222222222222,
    "train_accuracy": 0.7092337917485265,
    "train_loss": 0.5361340644317432,
    "finished_epochs": 14,
    "train_duration_minutes": 6.367027008533478,
    "batch_size": 2.0,
    "lr_decay": 0.3,
    "lr": 0.0001,
    "momentum": 0.3,
    "weight_decay": 0.41220562605634814
}