steps,train_loss,train_acc,val_acc
42,0.9904463537081286,0.7416502946954813,0.43333333333333335
