steps,train_loss,train_acc,val_acc
63,0.7580961444523105,0.6905697445972495,0.5666666666666667
127,0.9813382993278429,0.5500982318271119,0.5722222222222223
190,1.6008210748961023,0.5726915520628684,0.5388888888888889
254,0.9614391243762258,0.5500982318271119,0.5666666666666667
318,0.9448495117292423,0.5461689587426326,0.5388888888888889
381,0.7627471465258795,0.5726915520628684,0.5277777777777778
445,0.7672263859297297,0.5530451866404714,0.5555555555555556
509,0.7502240092440532,0.5491159135559921,0.55
