{
    "accuracy": 0.7990654205607477,
    "confusion_matrix": "[[ 20   7   3   4]\n [  1  30   5   0]\n [  3   3  14   3]\n [  7   3   4 107]]",
    "precisionmicro": 0.7990654205607477,
    "precisionmacro": 0.70497343465421,
    "precisionweighted": 0.8084418400184442,
    "recallmicro": 0.7990654205607477,
    "recallmacro": 0.7286404500715127,
    "recallweighted": 0.7990654205607477,
    "f1micro": 0.7990654205607477,
    "f1macro": 0.7142362888929009,
    "f1weighted": 0.8018455152354487
}