{
    "best_val_accuracy": 0.9222222222222223,
    "train_accuracy": 0.8477406679764243,
    "train_loss": 0.3452611147244927,
    "finished_epochs": 12,
    "train_duration_minutes": 11.398076784610748,
    "batch_size": 4.0,
    "lr_decay": 0.3,
    "adam_lr": 0.05093550590493885,
    "adam_beta1": 0.99,
    "adam_beta2": 0.9,
    "adam_wtdecay": 0.6750151683484009
}