steps,train_loss,train_acc,val_acc
127,23.304174650149125,0.5644051130776795,0.56353591160221
254,24.753308891663977,0.568338249754179,0.56353591160221
381,24.432811448238827,0.568338249754179,0.56353591160221
508,25.131421043223455,0.568338249754179,0.56353591160221
635,25.081517334884598,0.568338249754179,0.56353591160221
762,24.868663499020077,0.568338249754179,0.56353591160221
889,25.172794840914896,0.568338249754179,0.56353591160221
1017,24.827288829237077,0.568338249754179,0.56353591160221
