{
    "best_val_accuracy": 0.56353591160221,
    "train_accuracy": 0.5083579154375615,
    "train_loss": 11.400407708031121,
    "finished_epochs": 8,
    "train_duration_minutes": 15.969035073121388,
    "batch_size": 4.0,
    "lr_decay": 0.22774427184744003,
    "lr": 0.05385264216855297,
    "momentum": 0.676545489527935,
    "weight_decay": 0.3830306641048643
}