steps,train_loss,train_acc,val_acc
254,11.400407708031121,0.5083579154375615,0.56353591160221
508,1.9669638977641553,0.5240904621435595,0.56353591160221
762,1.695420832174483,0.5240904621435595,0.48066298342541436
1017,1.3268190149946786,0.5408062930186824,0.47513812154696133
1271,1.2576363842747555,0.5358898721730581,0.4475138121546961
1525,1.203618442414433,0.5457227138643068,0.46961325966850825
1779,1.165064227967839,0.5506391347099312,0.46408839779005523
2034,1.1718976979410403,0.5486725663716815,0.46961325966850825
