{
    "best_val_accuracy": 0.8055555555555556,
    "train_accuracy": 0.8192534381139489,
    "train_loss": 0.4973216426864354,
    "finished_epochs": 12,
    "train_duration_minutes": 3.634468404452006,
    "batch_size": 8.0,
    "lr_decay": 0.03,
    "lr": 0.00010000000000000286,
    "momentum": 0.3,
    "weight_decay": 0.0
}