{
    "best_val_accuracy": 0.9277777777777778,
    "train_accuracy": 0.8831041257367387,
    "train_loss": 0.2788923887466401,
    "finished_epochs": 12,
    "train_duration_minutes": 18.76808662811915,
    "batch_size": 8.0,
    "lr_decay": 0.3,
    "adam_lr": 0.1,
    "adam_beta1": 0.75,
    "adam_beta2": 0.9,
    "adam_wtdecay": 1.0
}