{
    "best_val_accuracy": 0.8,
    "train_accuracy": 0.8713163064833005,
    "train_loss": 0.3684590402075724,
    "finished_epochs": 18,
    "train_duration_minutes": 5.399154591560364,
    "batch_size": 8.0,
    "lr_decay": 0.3,
    "lr": 0.0001,
    "momentum": 0.3,
    "weight_decay": 0.0
}