{
    "best_val_accuracy": 0.7000000000000001,
    "train_accuracy": 0.6542239685658153,
    "train_loss": 0.6544301329520924,
    "finished_epochs": 12,
    "train_duration_minutes": 3.95698702732722,
    "batch_size": 8.0,
    "lr_decay": 0.3,
    "adam_lr": 0.1,
    "adam_beta1": 0.99,
    "adam_beta2": 0.9,
    "adam_wtdecay": 0.5417908294270108
}