{
    "best_val_accuracy": 0.9277777777777778,
    "train_accuracy": 0.8978388998035363,
    "train_loss": 0.23332546396667692,
    "finished_epochs": 14,
    "train_duration_minutes": 4.958956444263459,
    "batch_size": 8.0,
    "lr_decay": 0.19088719472895346,
    "lr": 0.011168521655176037,
    "momentum": 0.5116025300231777,
    "weight_decay": 0.6189738203759254
}