{
    "best_val_accuracy": 0.6961325966850829,
    "train_accuracy": 0.6981317600786627,
    "train_loss": 0.7209629937493578,
    "finished_epochs": 50,
    "train_duration_minutes": 25.07705055475235,
    "batch_size": 4.0,
    "lr_decay": 0.3,
    "adam_lr": 0.1,
    "adam_beta1": 0.99,
    "adam_beta2": 0.9999,
    "adam_wtdecay": 1.0
}