{
    "best_val_accuracy": 0.9555555555555556,
    "train_accuracy": 0.912573673870334,
    "train_loss": 0.20343896936925315,
    "finished_epochs": 22,
    "train_duration_minutes": 63.25652290980021,
    "batch_size": 2.0,
    "lr_decay": 0.03,
    "adam_lr": 0.1,
    "adam_beta1": 0.75,
    "adam_beta2": 0.9999,
    "adam_wtdecay": 0.5263863110376281
}