steps,train_loss,train_acc,val_acc
42,0.7887278489306965,0.6853490658800394,0.6795580110497237
