steps,train_loss,train_acc,val_acc
508,3.341898807616595,0.49360865290068834,0.47513812154696133
1017,1.207439565260033,0.5467059980334317,0.39779005524861877
1525,1.1610483844254456,0.5575221238938053,0.3591160220994475
2034,1.1111660137289041,0.5742379547689282,0.43646408839779005
2542,1.0910019957210462,0.5703048180924287,0.4475138121546961
3051,1.0603208393005026,0.5870206489675517,0.430939226519337
3559,1.0538506960329639,0.5821042281219273,0.430939226519337
4068,1.0130049297357144,0.5978367748279253,0.43646408839779005
