steps,train_loss,train_acc,val_acc
127,28.751622969603023,0.5648330058939096,0.5944444444444444
254,3.390593365273916,0.5510805500982318,0.6166666666666667
381,1.6820544866307077,0.5589390962671905,0.5611111111111111
509,1.6181916340980642,0.5481335952848723,0.5222222222222223
636,1.1591615056242128,0.5530451866404714,0.5611111111111111
763,1.0464756589507307,0.555992141453831,0.5444444444444445
890,0.9239699910806533,0.5697445972495088,0.5777777777777778
1018,0.8694717237078137,0.56286836935167,0.55
1145,0.9718844575591546,0.5648330058939096,0.55
