steps,train_loss,train_acc,val_acc
254,2.349573081456337,0.5231071779744346,0.56353591160221
508,1.1643222516499672,0.568338249754179,0.56353591160221
762,1.1618754122343973,0.568338249754179,0.56353591160221
1017,1.1437598751709523,0.568338249754179,0.56353591160221
1271,1.1399562184203456,0.568338249754179,0.56353591160221
1525,1.1261317371267132,0.568338249754179,0.56353591160221
1779,1.1114160204590129,0.568338249754179,0.56353591160221
2034,1.115140164730706,0.568338249754179,0.56353591160221
