{
    "best_val_accuracy": 0.9055555555555556,
    "train_accuracy": 0.9027504911591355,
    "train_loss": 0.24059553558559454,
    "finished_epochs": 14,
    "train_duration_minutes": 21.889155101776122,
    "batch_size": 8.0,
    "lr_decay": 0.11578822729402942,
    "adam_lr": 0.026788377058615184,
    "adam_beta1": 0.8741439242405722,
    "adam_beta2": 0.951261599114734,
    "adam_wtdecay": 0.23700485166231106
}