steps,train_loss,train_acc,val_acc
254,0.5462817135751833,0.7504911591355599,0.85
509,0.42034008627673264,0.8280943025540275,0.8277777777777778
763,0.3727390500616231,0.831041257367387,0.8
1018,0.3443658412790954,0.8585461689587426,0.8333333333333334
1272,0.2993262701746523,0.8624754420432219,0.8277777777777778
1527,0.28148972215259005,0.8811394891944989,0.8444444444444444
1781,0.27899358074651015,0.8811394891944989,0.8222222222222223
2036,0.2917797804054436,0.8742632612966601,0.85
