{
    "best_val_accuracy": 0.8722222222222222,
    "train_accuracy": 0.9017681728880157,
    "train_loss": 0.2424549162973355,
    "finished_epochs": 21,
    "train_duration_minutes": 32.830731769402824,
    "batch_size": 8.0,
    "lr_decay": 0.1632233258139666,
    "adam_lr": 0.09621927365525627,
    "adam_beta1": 0.7658667135354058,
    "adam_beta2": 0.9008516042847028,
    "adam_wtdecay": 0.2481808525304737
}