steps,train_loss,train_acc,val_acc
31,1.3230221257462718,0.7475442043222004,0.5
63,0.29952078461939785,0.8821218074656187,0.7666666666666667
95,0.2968660243484969,0.8693516699410608,0.8555555555555556
127,0.35312740343727156,0.8791748526522593,0.3666666666666667
159,1.7232761212088505,0.574656188605108,0.5222222222222223
190,1.04075128390419,0.5658153241650294,0.6111111111111112
222,0.9975578526148393,0.56188605108055,0.6166666666666667
254,0.6874709478295856,0.6502946954813359,0.7055555555555556
286,0.6500433615476537,0.6581532416502947,0.7388888888888889
