steps,train_loss,train_acc,val_acc
509,31.669359352944642,0.5667976424361493,0.5666666666666667
1018,31.59364411029928,0.5677799607072691,0.5666666666666667
1527,31.49224443192098,0.5677799607072691,0.5666666666666667
2036,31.46426227097427,0.5677799607072691,0.5666666666666667
2545,31.67939466015529,0.5677799607072691,0.5666666666666667
3054,31.612195361573946,0.5677799607072691,0.5666666666666667
3563,31.660413535966853,0.5677799607072691,0.5666666666666667
4072,31.727746030436517,0.5677799607072691,0.5666666666666667
