steps,train_loss,train_acc,val_acc
42,0.3229874386095345,0.8722986247544203,0.9055555555555556
84,0.24346794120689272,0.8909626719056973,0.9222222222222223
127,0.21147743394426372,0.9214145383104125,0.9500000000000001
169,0.21668788101267955,0.9086444007858545,0.9333333333333333
212,0.19006265320747448,0.9204322200392927,0.9055555555555556
254,0.15517309381240477,0.9400785854616895,0.8944444444444445
296,0.16472533648954393,0.9302554027504911,0.9222222222222223
339,0.1709296595605277,0.931237721021611,0.9222222222222223
381,0.15526421432527907,0.9381139489194499,0.9111111111111111
