{
    "best_val_accuracy": 0.7071823204419889,
    "train_accuracy": 0.7935103244837759,
    "train_loss": 0.5403207317800531,
    "finished_epochs": 22,
    "train_duration_minutes": 6.651269094149272,
    "batch_size": 4.0,
    "lr_decay": 0.2713294756778943,
    "lr": 0.02656340366665065,
    "momentum": 0.338973712188828,
    "weight_decay": 0.0
}