{
    "best_val_accuracy": 0.6961325966850829,
    "train_accuracy": 0.7866273352999017,
    "train_loss": 0.5229887750765333,
    "finished_epochs": 50,
    "batch_size": 32.0,
    "lr_decay": 0.03,
    "lr": 0.001,
    "momentum": 0.99,
    "weight_decay": 0.0
}