{
    "accuracy": 0.7336448598130841,
    "confusion_matrix": "[[ 16  12   1   5]\n [  1  31   1   3]\n [  1   9   8   5]\n [  5  10   4 102]]",
    "precisionmicro": 0.7336448598130841,
    "precisionmacro": 0.6635093167701863,
    "precisionweighted": 0.7575550008707261,
    "recallmicro": 0.7336448598130841,
    "recallmacro": 0.6306251599933301,
    "recallweighted": 0.7336448598130841,
    "f1micro": 0.7336448598130842,
    "f1macro": 0.6227239455224672,
    "f1weighted": 0.7308523167628797
}