steps,train_loss,train_acc,val_acc
508,1.2060774191408148,0.5594886922320551,0.56353591160221
1017,1.1488083237040358,0.568338249754179,0.56353591160221
1525,1.12055522426157,0.568338249754179,0.56353591160221
2034,1.1122831095050336,0.568338249754179,0.56353591160221
2542,1.1100163631500162,0.568338249754179,0.56353591160221
3051,1.1136335517218447,0.568338249754179,0.56353591160221
3559,1.1057654043097294,0.568338249754179,0.56353591160221
4068,1.1013015035682723,0.568338249754179,0.56353591160221
