{
    "best_val_accuracy": 0.9333333333333333,
    "train_accuracy": 0.9449901768172887,
    "train_loss": 0.14516031648414776,
    "finished_epochs": 25,
    "train_duration_minutes": 10.397094428539276,
    "batch_size": 4.0,
    "lr_decay": 0.3,
    "adam_lr": 0.1,
    "adam_beta1": 0.99,
    "adam_beta2": 0.9999,
    "adam_wtdecay": 1.0
}