{
    "best_val_accuracy": 0.9166666666666667,
    "train_accuracy": 0.9106090373280943,
    "train_loss": 0.22365357684363082,
    "finished_epochs": 12,
    "train_duration_minutes": 34.486431725819905,
    "batch_size": 2.0,
    "lr_decay": 0.11936969364976674,
    "adam_lr": 0.1,
    "adam_beta1": 0.8139904181960005,
    "adam_beta2": 0.9999,
    "adam_wtdecay": 0.6090082597449562
}