{
    "best_val_accuracy": 0.8555555555555556,
    "train_accuracy": 0.8428290766208251,
    "train_loss": 0.36089730590640445,
    "finished_epochs": 28,
    "train_duration_minutes": 13.991035815080007,
    "batch_size": 4.0,
    "lr_decay": 0.1118773238209977,
    "adam_lr": 0.1,
    "adam_beta1": 0.9230462749948468,
    "adam_beta2": 0.9868884740892232,
    "adam_wtdecay": 0.36110860892967944
}