{
    "best_val_accuracy": 0.7666666666666667,
    "train_accuracy": 0.7455795677799607,
    "train_loss": 0.5584935305277818,
    "finished_epochs": 17,
    "train_duration_minutes": 53.17005893389384,
    "batch_size": 2.0,
    "lr_decay": 0.3,
    "adam_lr": 0.0001,
    "adam_beta1": 0.99,
    "adam_beta2": 0.9999,
    "adam_wtdecay": 0.29779628329368013
}