{
    "best_val_accuracy": 0.8722222222222222,
    "train_accuracy": 0.9037328094302554,
    "train_loss": 0.2541664611614055,
    "finished_epochs": 14,
    "train_duration_minutes": 4.9621661384900415,
    "batch_size": 8.0,
    "lr_decay": 0.2361011016256459,
    "lr": 0.08544431469630541,
    "momentum": 0.3364466989003713,
    "weight_decay": 0.6482744341877937
}