steps,train_loss,train_acc,val_acc
31,1.070170167155908,0.5594886922320551,0.569060773480663
