{
    "best_val_accuracy": 0.6685082872928176,
    "train_accuracy": 0.5929203539823009,
    "train_loss": 1.0170504208159659,
    "finished_epochs": 9,
    "train_duration_minutes": 11.440823074181875,
    "batch_size": 2.0,
    "lr_decay": 0.3,
    "lr": 0.1,
    "momentum": 0.3,
    "weight_decay": 0.1056160080114486
}