steps,train_loss,train_acc,val_acc
508,1.3945981923457795,0.5368731563421829,0.46408839779005523
1017,1.0170504208159659,0.5929203539823009,0.6685082872928176
1525,0.9460111186567661,0.6293018682399214,0.6408839779005524
2034,0.8557511991807493,0.6617502458210424,0.5359116022099447
2542,0.7539683204719333,0.6853490658800394,0.6629834254143646
3051,0.73900066628217,0.6951819075712882,0.5911602209944751
3559,0.7164127004416174,0.7000983284169126,0.6132596685082873
4068,0.6888304462943926,0.7266470009832842,0.6022099447513812
4576,0.6647438474929908,0.712881022615536,0.6519337016574586
