{
    "best_val_accuracy": 0.5666666666666667,
    "train_accuracy": 0.5677799607072691,
    "train_loss": 0.7539247420775633,
    "finished_epochs": 8,
    "train_duration_minutes": 28.915051114559173,
    "batch_size": 1.0,
    "lr_decay": 0.1806251665995549,
    "lr": 0.09002063970800336,
    "momentum": 0.8218022863498535,
    "weight_decay": 0.9793257004087971
}