steps,train_loss,train_acc,val_acc
1018,0.7539247420775633,0.5677799607072691,0.5666666666666667
2036,0.6862691757369838,0.5638506876227898,0.5666666666666667
3054,0.6845727989446437,0.5687622789783889,0.5666666666666667
4072,0.6740356145357101,0.5677799607072691,0.5666666666666667
5090,0.6387025932607576,0.5893909626719056,0.5666666666666667
6108,0.6729505048636604,0.5697445972495088,0.5666666666666667
7126,0.6273284312081477,0.6021611001964636,0.5555555555555556
8144,0.5609647679949556,0.6895874263261296,0.5555555555555556
