steps,train_loss,train_acc,val_acc
31,0.6160081191709327,0.7053045186640471,0.8222222222222223
63,0.5020194937765949,0.8290766208251473,0.9
95,0.4137114362538681,0.8693516699410608,0.9222222222222223
127,0.3491358073732005,0.8811394891944989,0.9055555555555556
159,0.31079125023778154,0.8791748526522593,0.9055555555555556
190,0.2863832171164702,0.9017681728880157,0.9055555555555556
222,0.29647336557712445,0.8889980353634577,0.9222222222222223
254,0.29103269848116253,0.8831041257367387,0.9055555555555556
286,0.2891093822734061,0.8919449901768173,0.9055555555555556
