{
    "best_val_accuracy": 0.9777777777777779,
    "train_accuracy": 0.9273084479371315,
    "train_loss": 0.17302891126081846,
    "finished_epochs": 18,
    "train_duration_minutes": 28.158746190865834,
    "batch_size": 8.0,
    "lr_decay": 0.3,
    "adam_lr": 0.1,
    "adam_beta1": 0.7624543760065111,
    "adam_beta2": 0.9,
    "adam_wtdecay": 0.9710903933336823
}