steps,train_loss,train_acc,val_acc
127,13.892572246506546,0.5550098231827112,0.6
254,2.4105807793398033,0.5756385068762279,0.5277777777777778
381,2.152216745734449,0.5500982318271119,0.5666666666666667
509,1.300712435325143,0.5481335952848723,0.5388888888888889
636,1.1333153640123155,0.5353634577603144,0.5833333333333334
763,0.8990746802103309,0.5589390962671905,0.5722222222222223
890,0.9461537206102683,0.5481335952848723,0.5722222222222223
1018,0.9693691791392028,0.5579567779960707,0.5444444444444445
