{
    "best_val_accuracy": 0.712707182320442,
    "train_accuracy": 0.6951819075712882,
    "train_loss": 0.7000214528427949,
    "finished_epochs": 15,
    "train_duration_minutes": 43.17604018052419,
    "batch_size": 2.0,
    "lr_decay": 0.03,
    "adam_lr": 0.1,
    "adam_beta1": 0.99,
    "adam_beta2": 0.9,
    "adam_wtdecay": 1.0
}