{
    "best_val_accuracy": 0.9055555555555556,
    "train_accuracy": 0.9174852652259331,
    "train_loss": 0.20641063803656864,
    "finished_epochs": 14,
    "train_duration_minutes": 34.15069515705109,
    "batch_size": 4.0,
    "lr_decay": 0.20690454768438468,
    "adam_lr": 0.1,
    "adam_beta1": 0.75,
    "adam_beta2": 0.9999,
    "adam_wtdecay": 1.0
}