{
    "best_val_accuracy": 0.8555555555555556,
    "train_accuracy": 0.8064833005893909,
    "train_loss": 0.4742012891062116,
    "finished_epochs": 23,
    "train_duration_minutes": 55.52089534203211,
    "batch_size": 4.0,
    "lr_decay": 0.03,
    "adam_lr": 0.0001,
    "adam_beta1": 0.75,
    "adam_beta2": 0.9999,
    "adam_wtdecay": 1.0
}