steps,train_loss,train_acc,val_acc
1017,1.291557518254339,0.47492625368731567,0.56353591160221
2034,1.1564938448288917,0.568338249754179,0.56353591160221
3051,1.144836315773464,0.568338249754179,0.56353591160221
4068,1.1392287627199524,0.568338249754179,0.56353591160221
5085,1.1404051693960395,0.568338249754179,0.56353591160221
6102,1.1368377135449337,0.568338249754179,0.5524861878453038
7119,1.1360711291827987,0.568338249754179,0.5580110497237569
8136,1.1396449099248138,0.568338249754179,0.56353591160221
