steps,train_loss,train_acc,val_acc
1017,1.2165042960186623,0.56047197640118,0.56353591160221
2034,1.1951190243194003,0.5506391347099312,0.430939226519337
3051,1.196184614766664,0.5545722713864307,0.35359116022099446
4068,1.162563075299577,0.568338249754179,0.39779005524861877
5085,1.1536877958823797,0.568338249754179,0.4033149171270718
6102,1.151366611087334,0.568338249754179,0.4198895027624309
7119,1.1506111068594302,0.568338249754179,0.3646408839779005
8136,1.1500987651425476,0.568338249754179,0.3314917127071823
