{
    "best_val_accuracy": 0.9222222222222223,
    "train_accuracy": 0.924361493123772,
    "train_loss": 0.18570504792781148,
    "finished_epochs": 18,
    "train_duration_minutes": 12.808441893259685,
    "batch_size": 8.0,
    "lr_decay": 0.3,
    "adam_lr": 0.1,
    "adam_beta1": 0.8968283502412512,
    "adam_beta2": 0.9999,
    "adam_wtdecay": 0.3455805276785549
}