{
    "best_val_accuracy": 0.7403314917127072,
    "train_accuracy": 0.7315634218289085,
    "train_loss": 0.6531933649216899,
    "finished_epochs": 23,
    "train_duration_minutes": 29.531360077857972,
    "batch_size": 2.0,
    "lr_decay": 0.3,
    "lr": 0.1,
    "momentum": 0.3,
    "weight_decay": 0.322159907463857
}