{
    "best_val_accuracy": 0.8277777777777778,
    "train_accuracy": 0.8546168958742631,
    "train_loss": 0.3479910224734683,
    "finished_epochs": 26,
    "train_duration_minutes": 13.737068104743958,
    "batch_size": 8.0,
    "lr_decay": 0.3,
    "adam_lr": 0.1,
    "adam_beta1": 0.9798645851337482,
    "adam_beta2": 0.9,
    "adam_wtdecay": 0.6044039962479942
}