steps,train_loss,train_acc,val_acc
1018,31.105349128103445,0.49607072691552057,0.5666666666666667
2036,0.8605765629786639,0.49214145383104124,0.5166666666666667
3054,0.7635853293778152,0.49607072691552057,0.5666666666666667
4072,0.6669745947323988,0.5795677799607072,0.49444444444444446
5090,0.6579717522402878,0.5844793713163065,0.4666666666666667
6108,0.6463955264311643,0.611984282907662,0.48888888888888893
7126,0.6510450799889087,0.6080550098231826,0.48888888888888893
8144,0.6431227308242401,0.6227897838899803,0.48333333333333334
