{
    "best_val_accuracy": 0.8388888888888889,
    "train_accuracy": 0.7151277013752455,
    "train_loss": 0.5900272168438655,
    "finished_epochs": 21,
    "train_duration_minutes": 50.661101245880126,
    "batch_size": 4.0,
    "lr_decay": 0.03,
    "adam_lr": 0.0001,
    "adam_beta1": 0.99,
    "adam_beta2": 0.9999,
    "adam_wtdecay": 1.0
}