steps,train_loss,train_acc,val_acc
254,1.1255598212999816,0.5919370698131761,0.6574585635359116
508,0.7997520169794501,0.6912487708947886,0.7016574585635359
762,0.85893183618403,0.680432645034415,0.6132596685082873
1017,0.7804006554384147,0.7050147492625369,0.6850828729281768
1271,0.727129718722847,0.7030481809242871,0.6685082872928176
1525,0.6709484606248673,0.7463126843657818,0.6685082872928176
1779,0.6121991659453251,0.7738446411012783,0.6519337016574586
2034,0.6220453495824583,0.7581120943952803,0.6629834254143646
2288,0.6180310967866416,0.7610619469026549,0.6685082872928176
