{
    "best_val_accuracy": 0.9444444444444445,
    "train_accuracy": 0.8526522593320235,
    "train_loss": 0.33282115762734926,
    "finished_epochs": 10,
    "train_duration_minutes": 22.66188998222351,
    "batch_size": 4.0,
    "lr_decay": 0.21798193911098318,
    "adam_lr": 0.0001,
    "adam_beta1": 0.9035867471565792,
    "adam_beta2": 0.9426770910606145,
    "adam_wtdecay": 0.5125911026533521
}