steps,train_loss,train_acc,val_acc
21,0.3244238454255702,0.8614931237721021,0.9222222222222223
42,0.22758915121639642,0.9076620825147347,0.8111111111111111
63,0.22170568332222448,0.9076620825147347,0.888888888888889
84,0.15962494113473386,0.9351669941060903,0.9055555555555556
106,0.1664727469558566,0.9332023575638506,0.9166666666666667
127,0.15951824445855642,0.9410609037328094,0.9222222222222223
148,0.15040483751676406,0.9381139489194499,0.9222222222222223
