steps,train_loss,train_acc,val_acc
254,1.320377536579571,0.45427728613569324,0.569060773480663
508,1.1858663249508117,0.568338249754179,0.56353591160221
762,1.1504407931218106,0.568338249754179,0.56353591160221
1017,1.134890025813085,0.568338249754179,0.56353591160221
1271,1.1371207533801668,0.568338249754179,0.56353591160221
1525,1.1309166248217444,0.568338249754179,0.56353591160221
1779,1.1312016465553727,0.568338249754179,0.56353591160221
2034,1.1316423693941053,0.568338249754179,0.56353591160221
