steps,train_loss,train_acc,val_acc
15,3.579442739838344,0.5398230088495576,0.5082872928176796
31,8.264382725268339,0.5653883972468043,0.56353591160221
47,3.474960326679571,0.5565388397246804,0.1602209944751381
63,2.2281236306287076,0.4119960668633235,0.16574585635359115
79,1.6181857378433588,0.5634218289085546,0.5193370165745856
95,1.43863497793147,0.568338249754179,0.56353591160221
111,1.3827217155032687,0.568338249754179,0.56353591160221
127,1.5097284953502779,0.5644051130776795,0.56353591160221
