steps,train_loss,train_acc,val_acc
1017,1.3432317740094346,0.5319567354965585,0.56353591160221
2034,1.1824085344958797,0.5653883972468043,0.56353591160221
3051,1.1697928644094027,0.568338249754179,0.56353591160221
4068,1.1562706667530618,0.568338249754179,0.56353591160221
5085,1.1531996331383696,0.568338249754179,0.56353591160221
6102,1.1506295721673918,0.568338249754179,0.56353591160221
7119,1.150291526329318,0.568338249754179,0.56353591160221
8136,1.1496462662545863,0.568338249754179,0.56353591160221
