{
    "best_val_accuracy": 0.5666666666666667,
    "train_accuracy": 0.5265225933202358,
    "train_loss": 1.074654536303462,
    "finished_epochs": 8,
    "train_duration_minutes": 17.001152614752453,
    "batch_size": 1.0,
    "lr_decay": 0.03,
    "adam_lr": 0.1,
    "adam_beta1": 0.75,
    "adam_beta2": 0.9999,
    "adam_wtdecay": 0.0
}