steps,train_loss,train_acc,val_acc
1018,1.074654536303462,0.5265225933202358,0.5666666666666667
2036,0.7070379168790544,0.5402750491159135,0.43333333333333335
3054,0.7059538896051043,0.5353634577603144,0.5666666666666667
4072,0.6974197279786314,0.5677799607072691,0.5666666666666667
5090,0.6853692256982762,0.5677799607072691,0.5666666666666667
6108,0.6840226596956871,0.5677799607072691,0.5666666666666667
7126,0.684006210160396,0.5677799607072691,0.5666666666666667
8144,0.6839669709238416,0.5677799607072691,0.5666666666666667
