steps,train_loss,train_acc,val_acc
127,2.9983329530310843,0.49360865290068834,0.5580110497237569
254,1.2167435081541949,0.5585054080629303,0.46408839779005523
381,1.176581209270886,0.5545722713864307,0.5082872928176796
508,1.1583159403580596,0.568338249754179,0.5524861878453038
635,1.155345823326411,0.5673549655850542,0.5524861878453038
762,1.1537313311266453,0.5673549655850542,0.5469613259668508
889,1.1540123825579618,0.5673549655850542,0.5082872928176796
1017,1.1504037649816703,0.568338249754179,0.5359116022099447
