{
    "accuracy": 0.8504672897196262,
    "confusion_matrix": "[[110  11]\n [ 21  72]]",
    "precisionmicro": 0.8504672897196262,
    "precisionmacro": 0.8535822680033109,
    "precisionweighted": 0.8517651973378282,
    "recallmicro": 0.8504672897196262,
    "recallmacro": 0.8416422287390029,
    "recallweighted": 0.8504672897196262,
    "f1micro": 0.850467289719626,
    "f1macro": 0.8455988455988457,
    "f1weighted": 0.8491861202141576
}