{
    "best_val_accuracy": 0.8176795580110496,
    "train_accuracy": 0.8023598820058998,
    "train_loss": 0.5845019245921335,
    "finished_epochs": 13,
    "train_duration_minutes": 29.97405124902725,
    "batch_size": 4.0,
    "lr_decay": 0.03,
    "adam_lr": 0.1,
    "adam_beta1": 0.75,
    "adam_beta2": 0.9999,
    "adam_wtdecay": 0.30793687592214397
}