steps,train_loss,train_acc,val_acc
254,1.0846536246841754,0.599803343166175,0.6740331491712707
508,0.9094737702531918,0.6470009832841692,0.4198895027624309
762,0.8674773083323926,0.6627335299901672,0.5027624309392265
1017,0.8138767433377494,0.6666666666666667,0.6022099447513812
1271,0.7592686384828393,0.6951819075712882,0.6243093922651933
1525,0.7930196531871544,0.6922320550639135,0.6464088397790055
1779,0.7190838840038258,0.7345132743362832,0.6740331491712707
2034,0.686876181890362,0.7305801376597837,0.6022099447513812
