{
    "best_val_accuracy": 0.7955801104972375,
    "train_accuracy": 0.7649950835791545,
    "train_loss": 0.6233849118710033,
    "finished_epochs": 14,
    "train_duration_minutes": 28.19963535865148,
    "batch_size": 8.0,
    "lr_decay": 0.03,
    "lr": 0.1,
    "momentum": 0.7271047360919591,
    "weight_decay": 0.7639122235387428
}