steps,train_loss,train_acc,val_acc
254,8.71431749766374,0.5402750491159135,0.5666666666666667
509,2.208200529773952,0.5658153241650294,0.6833333333333333
763,3.0214305503663472,0.543222003929273,0.5833333333333334
1018,1.247017848995205,0.5530451866404714,0.5611111111111111
1272,0.7916188258787503,0.5697445972495088,0.6722222222222223
1527,0.7858421323575767,0.5569744597249509,0.6333333333333333
1781,0.7319446274011683,0.5677799607072691,0.6555555555555556
2036,0.7026306838089919,0.5834970530451866,0.5777777777777778
2290,0.706148931811507,0.5825147347740668,0.6444444444444445
