steps,train_loss,train_acc,val_acc
509,2.4572287971823528,0.5255402750491158,0.5888888888888889
1018,0.7186896099557109,0.5550098231827112,0.5166666666666667
1527,0.699510739336782,0.5658153241650294,0.49444444444444446
2036,0.6703956932824815,0.574656188605108,0.5388888888888889
2545,0.6712075838405631,0.5825147347740668,0.5333333333333333
3054,0.6608042128545127,0.6080550098231826,0.5166666666666667
3563,0.6622524955300779,0.6139489194499017,0.5555555555555556
4072,0.6606660042624108,0.6208251473477406,0.5111111111111112
