{
    "best_val_accuracy": 0.7333333333333334,
    "train_accuracy": 0.6198428290766208,
    "train_loss": 0.8867999504966211,
    "finished_epochs": 22,
    "train_duration_minutes": 38.05331213871638,
    "batch_size": 8.0,
    "lr_decay": 0.3,
    "adam_lr": 0.1,
    "adam_beta1": 0.99,
    "adam_beta2": 0.9,
    "adam_wtdecay": 0.12052921411427178
}