{
    "best_val_accuracy": 0.8611111111111112,
    "train_accuracy": 0.7838899803536346,
    "train_loss": 0.5400017831906354,
    "finished_epochs": 9,
    "train_duration_minutes": 8.554819039503734,
    "batch_size": 4.0,
    "lr_decay": 0.03,
    "adam_lr": 0.1,
    "adam_beta1": 0.75,
    "adam_beta2": 0.9,
    "adam_wtdecay": 0.6285714587807385
}