{
    "best_val_accuracy": 0.9388888888888889,
    "train_accuracy": 0.8988212180746561,
    "train_loss": 0.25587340480920606,
    "finished_epochs": 15,
    "train_duration_minutes": 6.769899642467498,
    "batch_size": 8.0,
    "lr_decay": 0.22967146384842899,
    "lr": 0.0001,
    "momentum": 0.99,
    "weight_decay": 0.6287458364965482
}