{
    "best_val_accuracy": 0.8176795580110496,
    "train_accuracy": 0.7158308751229105,
    "train_loss": 0.7066292858873966,
    "finished_epochs": 9,
    "train_duration_minutes": 20.741186634699503,
    "batch_size": 4.0,
    "lr_decay": 0.03,
    "adam_lr": 0.1,
    "adam_beta1": 0.75,
    "adam_beta2": 0.9999,
    "adam_wtdecay": 0.6755285707787034
}