steps,train_loss,train_acc,val_acc
254,0.8881133720938084,0.6440511307767945,0.7071823204419889
508,0.7066292858873966,0.7158308751229105,0.8176795580110496
762,0.6536862056632778,0.7571288102261554,0.7403314917127072
1017,0.640701317212809,0.7413962635201574,0.718232044198895
1271,0.5213408020042036,0.8062930186823992,0.8066298342541436
1525,0.49877934440633426,0.7964601769911505,0.7845303867403315
1779,0.4827183030816775,0.8220255653883973,0.7845303867403315
2034,0.5012094605871592,0.8102261553588987,0.7845303867403315
2288,0.467769237628963,0.8220255653883973,0.7900552486187845
