{
    "best_val_accuracy": 0.9277777777777778,
    "train_accuracy": 0.9037328094302554,
    "train_loss": 0.24175927341569853,
    "finished_epochs": 13,
    "train_duration_minutes": 3.8938652833302814,
    "batch_size": 8.0,
    "lr_decay": 0.3,
    "lr": 0.0001,
    "momentum": 0.99,
    "weight_decay": 0.48134623895439044
}