steps,train_loss,train_acc,val_acc
15,0.4347510682107892,0.7888015717092337,0.7333333333333334
