{
    "best_val_accuracy": 0.5359116022099447,
    "train_accuracy": 0.43559488692232057,
    "train_loss": 6.322271282518156,
    "finished_epochs": 8,
    "train_duration_minutes": 23.28304605881373,
    "batch_size": 2.0,
    "lr_decay": 0.22248140183076875,
    "lr": 0.07076440609944695,
    "momentum": 0.5449077757233993,
    "weight_decay": 0.7923631001639486
}