steps,train_loss,train_acc,val_acc
254,1.1927296910196865,0.5653883972468043,0.56353591160221
508,1.117305035905266,0.568338249754179,0.56353591160221
762,1.0886757323406673,0.568338249754179,0.56353591160221
1017,1.067863649557708,0.568338249754179,0.56353591160221
1271,1.0693389058933613,0.568338249754179,0.56353591160221
1525,1.0652582787248355,0.568338249754179,0.56353591160221
1779,1.06095724049571,0.568338249754179,0.56353591160221
2034,1.0659508820011436,0.568338249754179,0.56353591160221
