{
    "best_val_accuracy": 0.8611111111111112,
    "train_accuracy": 0.8339882121807465,
    "train_loss": 0.40645152482630464,
    "finished_epochs": 14,
    "train_duration_minutes": 6.527826929092408,
    "batch_size": 8.0,
    "lr_decay": 0.3,
    "lr": 0.0001,
    "momentum": 0.3,
    "weight_decay": 0.0
}