steps,train_loss,train_acc,val_acc
509,0.8163034739393616,0.6345776031434184,0.7111111111111111
1018,0.5776867312040685,0.7269155206286836,0.8777777777777778
1527,0.5806239003458286,0.7318271119842829,0.8222222222222223
2036,0.5803252861108668,0.7151277013752455,0.8055555555555556
2545,0.5008288976134392,0.7504911591355599,0.8222222222222223
3054,0.4837183052406798,0.756385068762279,0.8222222222222223
3563,0.45707708728922375,0.7671905697445972,0.8333333333333334
4072,0.45361177523735696,0.7779960707269155,0.8111111111111111
4581,0.4613667093876069,0.7691552062868369,0.8166666666666667
