steps,train_loss,train_acc,val_acc
508,3.976236474256131,0.5004916420845624,0.56353591160221
1017,1.2444497610029335,0.5250737463126844,0.5138121546961326
1525,1.1877880887061563,0.5349065880039332,0.5082872928176796
2034,1.1299617071887853,0.568338249754179,0.5303867403314917
2542,1.1392575103859166,0.568338249754179,0.5303867403314917
3051,1.1323894223632363,0.568338249754179,0.49723756906077343
3559,1.1392124711353635,0.5693215339233039,0.5193370165745856
4068,1.1343148919216182,0.5663716814159292,0.5138121546961326
