{
    "best_val_accuracy": 0.8121546961325966,
    "train_accuracy": 0.8072763028515242,
    "train_loss": 0.4824992994994892,
    "finished_epochs": 25,
    "train_duration_minutes": 8.261438695589701,
    "batch_size": 8.0,
    "lr_decay": 0.10135842828052813,
    "adam_lr": 0.07120653321855827,
    "adam_beta1": 0.8283944457341248,
    "adam_beta2": 0.9999,
    "adam_wtdecay": 0.47232596720966274
}