{
    "best_val_accuracy": 0.888888888888889,
    "train_accuracy": 0.8546168958742631,
    "train_loss": 0.3199548720142462,
    "finished_epochs": 17,
    "train_duration_minutes": 13.757696410020193,
    "batch_size": 4.0,
    "lr_decay": 0.03,
    "lr": 0.1,
    "momentum": 0.8243689053058129,
    "weight_decay": 0.7142722602713283
}