{
    "best_val_accuracy": 0.9388888888888889,
    "train_accuracy": 0.8546168958742631,
    "train_loss": 0.3551289078528848,
    "finished_epochs": 12,
    "train_duration_minutes": 9.661569841702779,
    "batch_size": 4.0,
    "lr_decay": 0.3,
    "lr": 0.1,
    "momentum": 0.5877808022643988,
    "weight_decay": 0.2514355156645074
}