{
    "best_val_accuracy": 0.6555555555555556,
    "train_accuracy": 0.5707269155206286,
    "train_loss": 105.8299325679105,
    "finished_epochs": 8,
    "train_duration_minutes": 15.932331558068594,
    "batch_size": 4.0,
    "lr_decay": 0.23262780500421545,
    "lr": 0.060538476541616766,
    "momentum": 0.9161610349025004,
    "weight_decay": 0.39712748684271243
}