steps,train_loss,train_acc,val_acc
254,105.8299325679105,0.5707269155206286,0.6555555555555556
509,3.490927947410666,0.5166994106090373,0.5333333333333333
763,2.803964922025302,0.5255402750491158,0.5055555555555555
1018,1.12754408520425,0.5304518664047151,0.5722222222222223
1272,0.9485336638152716,0.5117878192534381,0.5611111111111111
1527,0.8997566461680212,0.543222003929273,0.5444444444444445
1781,0.8851231301463189,0.5402750491159135,0.5611111111111111
2036,0.8711600170154234,0.5225933202357563,0.5777777777777778
