{
    "best_val_accuracy": 0.8944444444444445,
    "train_accuracy": 0.8899803536345775,
    "train_loss": 0.2658910432826794,
    "finished_epochs": 20,
    "train_duration_minutes": 45.014180910587314,
    "batch_size": 4.0,
    "lr_decay": 0.11159235036169517,
    "lr": 0.006615762026926681,
    "momentum": 0.506998677071423,
    "weight_decay": 0.6594010173118964
}