{
    "best_val_accuracy": 0.8388888888888889,
    "train_accuracy": 0.8605108055009822,
    "train_loss": 0.3942330640050892,
    "finished_epochs": 22,
    "train_duration_minutes": 11.654200585683187,
    "batch_size": 8.0,
    "lr_decay": 0.1525181043674605,
    "adam_lr": 0.0001,
    "adam_beta1": 0.99,
    "adam_beta2": 0.9,
    "adam_wtdecay": 0.7645208012605866
}