{
    "best_val_accuracy": 0.8453038674033149,
    "train_accuracy": 0.839724680432645,
    "train_loss": 0.4221149685342989,
    "finished_epochs": 23,
    "train_duration_minutes": 53.039112802346544,
    "batch_size": 4.0,
    "lr_decay": 0.03,
    "adam_lr": 0.1,
    "adam_beta1": 0.75,
    "adam_beta2": 0.9999,
    "adam_wtdecay": 0.3196572001251308
}