steps,train_loss,train_acc,val_acc
508,1.9320169274668662,0.5054080629301868,0.56353591160221
1017,1.150236940665231,0.5526057030481809,0.3756906077348066
1525,1.0591187642973316,0.5663716814159292,0.38121546961325964
2034,0.9737517018761255,0.5899705014749262,0.4088397790055248
2542,0.9310159298170985,0.632251720747296,0.48066298342541436
3051,0.9152757697752444,0.6391347099311702,0.4530386740331491
3559,0.9009356525385039,0.6361848574237955,0.4917127071823204
4068,0.9062354907232283,0.6440511307767945,0.430939226519337
