steps,train_loss,train_acc,val_acc
1018,1.2907558245427013,0.505893909626719,0.5666666666666667
2036,0.7496776315868486,0.5363457760314342,0.5666666666666667
3054,0.7699236621849663,0.5147347740667976,0.43333333333333335
4072,0.6890667485464766,0.5589390962671905,0.5666666666666667
5090,0.6898548659266563,0.555992141453831,0.5666666666666667
6108,0.6832907075732069,0.5677799607072691,0.5666666666666667
7126,0.6825149193376829,0.5677799607072691,0.5666666666666667
8144,0.6817102208587181,0.5677799607072691,0.5666666666666667
