{
    "best_val_accuracy": 0.56353591160221,
    "train_accuracy": 0.5496558505408063,
    "train_loss": 1.163042569348008,
    "finished_epochs": 8,
    "train_duration_minutes": 17.216704575220742,
    "batch_size": 1.0,
    "lr_decay": 0.2001766700932753,
    "adam_lr": 0.048577237932838795,
    "adam_beta1": 0.8939056546680971,
    "adam_beta2": 0.9921422289649833,
    "adam_wtdecay": 0.9104597289896629
}