{
    "best_val_accuracy": 0.5666666666666667,
    "train_accuracy": 0.5697445972495088,
    "train_loss": NaN,
    "finished_epochs": 8,
    "train_duration_minutes": 19.32273782889048,
    "batch_size": 4.0,
    "lr_decay": 0.3,
    "adam_lr": 0.0001,
    "adam_beta1": 0.75,
    "adam_beta2": 0.9999,
    "adam_wtdecay": 0.0
}