steps,train_loss,train_acc,val_acc
254,nan,0.5697445972495088,0.5666666666666667
509,nan,0.5677799607072691,0.5666666666666667
763,nan,0.5677799607072691,0.5666666666666667
1018,nan,0.5677799607072691,0.5666666666666667
1272,nan,0.5677799607072691,0.5666666666666667
1527,nan,0.5677799607072691,0.5666666666666667
1781,nan,0.5677799607072691,0.5666666666666667
2036,nan,0.5677799607072691,0.5666666666666667
