steps,train_loss,train_acc,val_acc
254,3.8861463686475126,0.5663716814159292,0.56353591160221
508,3.9473622546200673,0.568338249754179,0.56353591160221
762,3.9456158204767906,0.568338249754179,0.56353591160221
1017,3.9218352000387484,0.568338249754179,0.5524861878453038
1271,3.9109310405209823,0.568338249754179,0.56353591160221
1525,3.9243355435021625,0.568338249754179,0.56353591160221
1779,3.9378624827460906,0.568338249754179,0.56353591160221
2034,3.9337856263186026,0.568338249754179,0.56353591160221
