{
    "best_val_accuracy": 0.8722222222222222,
    "train_accuracy": 0.8605108055009822,
    "train_loss": 0.36935846867636285,
    "finished_epochs": 24,
    "train_duration_minutes": 12.737373113632202,
    "batch_size": 8.0,
    "lr_decay": 0.3,
    "adam_lr": 0.0001,
    "adam_beta1": 0.99,
    "adam_beta2": 0.9,
    "adam_wtdecay": 0.8593169463035556
}