{
    "best_val_accuracy": 0.6243093922651933,
    "train_accuracy": 0.6302851524090463,
    "train_loss": 0.9115453118068279,
    "finished_epochs": 13,
    "train_duration_minutes": 8.906855428218842,
    "batch_size": 4.0,
    "lr_decay": 0.3,
    "adam_lr": 0.02783768103091679,
    "adam_beta1": 0.9744625915374536,
    "adam_beta2": 0.9861634763410931,
    "adam_wtdecay": 0.43046775439287727
}