{
    "best_val_accuracy": 0.56353591160221,
    "train_accuracy": 0.4473942969518191,
    "train_loss": 1.3051424309567363,
    "finished_epochs": 8,
    "train_duration_minutes": 10.16243458588918,
    "batch_size": 2.0,
    "lr_decay": 0.3,
    "lr": 0.0001,
    "momentum": 0.3,
    "weight_decay": 0.7708393750670965
}