steps,train_loss,train_acc,val_acc
508,1.3051424309567363,0.4473942969518191,0.56353591160221
1017,1.1837689411206467,0.568338249754179,0.56353591160221
1525,1.137826456081199,0.568338249754179,0.56353591160221
2034,1.1225706664744615,0.568338249754179,0.56353591160221
2542,1.1187490609894812,0.568338249754179,0.56353591160221
3051,1.1266945686077767,0.568338249754179,0.56353591160221
3559,1.1239307589587209,0.568338249754179,0.56353591160221
4068,1.1155706342811547,0.568338249754179,0.56353591160221
