steps,train_loss,train_acc,val_acc
1017,5.780062278111775,0.1592920353982301,0.1602209944751381
2034,5.761322244899229,0.16027531956735497,0.1602209944751381
3051,5.778214923517308,0.16027531956735497,0.1602209944751381
4068,5.775317985868501,0.16027531956735497,0.1602209944751381
5085,5.789677221866484,0.16027531956735497,0.1602209944751381
6102,5.773481549532129,0.16027531956735497,0.1602209944751381
7119,5.757891681693648,0.16027531956735497,0.1602209944751381
8136,5.777546249894149,0.16027531956735497,0.1602209944751381
