{
    "best_val_accuracy": 0.7845303867403315,
    "train_accuracy": 0.7905604719764012,
    "train_loss": 0.5299772212287318,
    "finished_epochs": 20,
    "train_duration_minutes": 46.13190135161082,
    "batch_size": 4.0,
    "lr_decay": 0.03,
    "adam_lr": 0.1,
    "adam_beta1": 0.75,
    "adam_beta2": 0.9999,
    "adam_wtdecay": 0.24806567626614381
}