steps,train_loss,train_acc,val_acc
21,0.5915907026508234,0.7210216110019646,0.7111111111111111
42,0.40230533826093545,0.9017681728880157,0.7666666666666667
63,0.3243047934032845,0.9106090373280943,0.7833333333333333
84,0.29866715984634895,0.8968565815324164,0.7666666666666667
106,0.2852445912267464,0.8978388998035363,0.7722222222222223
127,0.2566994284599844,0.9135559921414538,0.7666666666666667
148,0.24480341945743747,0.9135559921414538,0.7722222222222223
169,0.25366331013340376,0.912573673870334,0.7722222222222223
190,0.2569509075116549,0.905697445972495,0.7611111111111112
