{
    "best_val_accuracy": 0.6666666666666667,
    "train_accuracy": 0.5275049115913556,
    "train_loss": 0.7027272399083102,
    "finished_epochs": 13,
    "train_duration_minutes": 60.77403401533763,
    "batch_size": 1.0,
    "lr_decay": 0.03,
    "adam_lr": 0.1,
    "adam_beta1": 0.99,
    "adam_beta2": 0.9,
    "adam_wtdecay": 0.3972459718281618
}