{
    "best_val_accuracy": 0.888888888888889,
    "train_accuracy": 0.9263261296660117,
    "train_loss": 0.16929924473429944,
    "finished_epochs": 50,
    "batch_size": 64.0,
    "lr_decay": 0.06405169145862531,
    "adam_lr": 0.07014602864997546,
    "adam_beta1": 0.9690131917733109,
    "adam_beta2": 0.9620075883791733,
    "adam_wtdecay": 0.4090024812266606
}