{
    "accuracy": 0.8785046728971962,
    "confusion_matrix": "[[105  16]\n [ 10  83]]",
    "precisionmicro": 0.8785046728971962,
    "precisionmacro": 0.8757136583223539,
    "precisionweighted": 0.880597933828328,
    "recallmicro": 0.8785046728971962,
    "recallmacro": 0.8801208566604461,
    "recallweighted": 0.8785046728971962,
    "f1micro": 0.8785046728971962,
    "f1macro": 0.8772069209039548,
    "f1weighted": 0.8788586052589894
}