{
    "best_val_accuracy": 0.788888888888889,
    "train_accuracy": 0.6964636542239685,
    "train_loss": 0.6078100812224367,
    "finished_epochs": 9,
    "train_duration_minutes": 3.894229527314504,
    "batch_size": 2.0,
    "lr_decay": 0.3,
    "lr": 0.0001,
    "momentum": 0.3,
    "weight_decay": 0.4158809698389774
}