steps,train_loss,train_acc,val_acc
509,0.651111502017394,0.6316306483300589,0.7000000000000001
1018,0.6078100812224367,0.6964636542239685,0.788888888888889
1527,0.5886246043244607,0.6856581532416502,0.7722222222222223
2036,0.5566502140289674,0.7102161100196464,0.7722222222222223
2545,0.532436352493955,0.7347740667976423,0.788888888888889
3054,0.5427328037548159,0.7347740667976423,0.788888888888889
3563,0.5341714447280045,0.7406679764243614,0.6944444444444444
4072,0.5448864061963582,0.7200392927308448,0.7722222222222223
4581,0.5447728826512522,0.7190569744597249,0.7777777777777778
