steps,train_loss,train_acc,val_acc
254,1.2890731226378134,0.5634218289085546,0.585635359116022
508,0.9909712813479593,0.6086529006882989,0.6408839779005524
762,0.9191226082448294,0.6361848574237955,0.5911602209944751
1017,0.8858146140005736,0.632251720747296,0.5414364640883977
1271,0.8086736141287354,0.6607669616519174,0.6298342541436464
1525,0.7722487146054984,0.696165191740413,0.5359116022099447
1779,0.7701471126771138,0.6951819075712882,0.5193370165745856
2034,0.7668765370121396,0.6991150442477877,0.580110497237569
2288,0.7177203455271388,0.7158308751229105,0.5193370165745856
