steps,train_loss,train_acc,val_acc
1017,1.2543088331921146,0.5555555555555556,0.56353591160221
2034,1.161487825852228,0.5653883972468043,0.56353591160221
3051,1.1588515650440692,0.568338249754179,0.56353591160221
4068,0.9741394855045404,0.5811209439528024,0.47513812154696133
5085,0.9339959580403631,0.6116027531956736,0.13259668508287292
6102,0.8973136632140055,0.6116027531956736,0.3591160220994475
7119,0.8947097596986221,0.6076696165191741,0.4198895027624309
8136,0.8755107790436834,0.6293018682399214,0.3646408839779005
