steps,train_loss,train_acc,val_acc
21,0.49788837775968614,0.8163064833005893,0.6555555555555556
42,0.27875404109655055,0.8899803536345775,0.8833333333333334
63,0.21983504324624487,0.9214145383104125,0.8444444444444444
84,0.20969681503262172,0.8998035363457759,0.8111111111111111
106,0.16992824297756953,0.9204322200392927,0.8333333333333334
127,0.17149417802018127,0.931237721021611,0.8833333333333334
148,0.14922118693414513,0.9292730844793713,0.8722222222222222
169,0.1473380702534921,0.9410609037328094,0.8833333333333334
