steps,train_loss,train_acc,val_acc
254,82.20348638547895,0.555992141453831,0.5277777777777778
509,2.024041786292213,0.5500982318271119,0.5055555555555555
763,1.5262509383012364,0.5667976424361493,0.5111111111111112
1018,0.8933982132460139,0.5726915520628684,0.5055555555555555
1272,0.7906965099875257,0.5825147347740668,0.5111111111111112
1527,0.7377762285103264,0.593320235756385,0.48888888888888893
1781,0.7381557503711498,0.593320235756385,0.47222222222222227
2036,0.7142435749059576,0.6090373280943026,0.48888888888888893
