{
    "best_val_accuracy": 0.6519337016574586,
    "train_accuracy": 0.6519174041297936,
    "train_loss": 0.8567852405437443,
    "finished_epochs": 21,
    "train_duration_minutes": 14.113509090741475,
    "batch_size": 4.0,
    "lr_decay": 0.03,
    "adam_lr": 0.0001,
    "adam_beta1": 0.8832453798016918,
    "adam_beta2": 0.9413590868531778,
    "adam_wtdecay": 0.6792258007101891
}