steps,train_loss,train_acc,val_acc
31,0.986003942545888,0.6578171091445428,0.23204419889502761
63,0.9483512573772006,0.6263520157325467,0.56353591160221
95,0.8257457698340964,0.6509341199606686,0.6353591160220994
127,0.9356169236444793,0.6627335299901672,0.6298342541436464
158,3.2780671541669726,0.5585054080629303,0.56353591160221
190,1.3165541879664246,0.5712881022615536,0.6353591160220994
222,1.132814413385288,0.6037364798426745,0.6187845303867403
254,1.0202609812849976,0.624385447394297,0.6187845303867403
286,0.9421777714670232,0.6224188790560472,0.6298342541436464
