steps,train_loss,train_acc,val_acc
127,1.201725306705505,0.5132743362831859,0.56353591160221
254,1.0860237951006744,0.568338249754179,0.56353591160221
381,1.029748864581803,0.568338249754179,0.56353591160221
508,1.0003654837256688,0.5722713864306785,0.56353591160221
635,1.0039137301777903,0.5712881022615536,0.56353591160221
762,0.9832959740093911,0.5722713864306785,0.56353591160221
889,0.9721096856052545,0.5722713864306785,0.56353591160221
1017,0.9821299958018075,0.5742379547689282,0.56353591160221
