steps,train_loss,train_acc,val_acc
63,0.4569508399382556,0.8172888015717091,0.85
