steps,train_loss,train_acc,val_acc
42,0.4357942041221911,0.81237721021611,0.8333333333333334
84,0.24132606676964488,0.8899803536345775,0.8777777777777778
127,0.20267871789239011,0.9214145383104125,0.7611111111111112
169,0.18674150642102735,0.9155206286836934,0.8166666666666667
212,0.1472679304584773,0.9332023575638506,0.8666666666666667
254,0.16224339847363284,0.931237721021611,0.8666666666666667
296,0.14834676822007054,0.943025540275049,0.8611111111111112
339,0.1284874552798646,0.9489194499017681,0.8722222222222222
