{
    "best_val_accuracy": 0.9222222222222223,
    "train_accuracy": 0.9302554027504911,
    "train_loss": 0.17104951366928564,
    "finished_epochs": 21,
    "train_duration_minutes": 60.3825688123703,
    "batch_size": 2.0,
    "lr_decay": 0.263563232895995,
    "adam_lr": 0.1,
    "adam_beta1": 0.99,
    "adam_beta2": 0.9999,
    "adam_wtdecay": 0.7603831352536774
}