steps,train_loss,train_acc,val_acc
509,2.408177845428875,0.5108055009823183,0.5666666666666667
1018,1.7645468902142905,0.505893909626719,0.6
1527,1.5268562724758927,0.49115913555992136,0.5666666666666667
2036,1.4120377988384374,0.5157170923379174,0.4444444444444445
2545,0.9864629320287985,0.5049115913555992,0.4388888888888889
3054,1.0453040914825935,0.4891944990176817,0.5666666666666667
3563,0.7649176753105958,0.5049115913555992,0.4388888888888889
4072,0.7039510305012139,0.5166994106090373,0.4444444444444445
4581,0.6996541123376145,0.5343811394891944,0.5666666666666667
