steps,train_loss,train_acc,val_acc
15,1.3270390431086223,0.5565388397246804,0.4530386740331491
31,6.723341067397606,0.5240904621435595,0.56353591160221
47,1.8814598409827128,0.48869223205506396,0.56353591160221
63,1.4834026233050441,0.5673549655850542,0.22099447513812154
79,1.2139292648877131,0.5634218289085546,0.5524861878453038
95,1.2106358379037683,0.5663716814159292,0.5469613259668508
111,1.2987813191193511,0.5585054080629303,0.5469613259668508
127,1.2659618404410933,0.5673549655850542,0.56353591160221
