{
    "best_val_accuracy": 0.8121546961325966,
    "train_accuracy": 0.7876106194690266,
    "train_loss": 0.5351311017630023,
    "finished_epochs": 12,
    "train_duration_minutes": 3.987130264441172,
    "batch_size": 8.0,
    "lr_decay": 0.2842855482112008,
    "adam_lr": 0.06038620179197169,
    "adam_beta1": 0.7955248087684853,
    "adam_beta2": 0.9130542634654013,
    "adam_wtdecay": 0.8938679959380158
}