{
    "best_val_accuracy": 0.8287292817679558,
    "train_accuracy": 0.8416912487708949,
    "train_loss": 0.4032165216485308,
    "finished_epochs": 18,
    "train_duration_minutes": 31.268129913012185,
    "batch_size": 8.0,
    "lr_decay": 0.26931744049727546,
    "adam_lr": 0.0001692546037752327,
    "adam_beta1": 0.8464087753307383,
    "adam_beta2": 0.9700481239493176,
    "adam_wtdecay": 0.24195186180045103
}