steps,train_loss,train_acc,val_acc
84,10.62602602134412,0.5319567354965585,0.49723756906077343
169,2.5073465133486947,0.544739429695182,0.5580110497237569
254,2.018788717489327,0.5526057030481809,0.574585635359116
339,2.175814883195545,0.544739429695182,0.5248618784530387
423,2.0448137247456915,0.5506391347099312,0.56353591160221
508,1.463324503209387,0.5585054080629303,0.569060773480663
593,1.4715136138387135,0.5644051130776795,0.5524861878453038
678,1.3952171088671614,0.5653883972468043,0.56353591160221
762,1.4119757336501175,0.5545722713864307,0.569060773480663
