steps,train_loss,train_acc,val_acc
1018,0.841344602771967,0.5127701375245579,0.5666666666666667
2036,0.6968160571717091,0.543222003929273,0.5666666666666667
3054,0.6959212969820251,0.5314341846758349,0.5666666666666667
4072,0.6858188640509233,0.56286836935167,0.5666666666666667
5090,0.6872098664286563,0.5677799607072691,0.5666666666666667
6108,0.6832388626276159,0.5638506876227898,0.5666666666666667
7126,0.6592619575428353,0.6031434184675835,0.5666666666666667
8144,0.5157210647708541,0.7642436149312377,0.5555555555555556
