steps,train_loss,train_acc,val_acc
31,1.1615204092093208,0.7053045186640471,0.4388888888888889
63,0.7514772494790127,0.7622789783889979,0.6055555555555556
95,0.4836616822919115,0.7956777996070726,0.7777777777777778
127,0.354664419161079,0.8555992141453831,0.6888888888888889
159,0.7688588155744587,0.6051080550098231,0.48888888888888893
190,0.5965235207544562,0.6139489194499017,0.6555555555555556
222,0.555433046372794,0.6915520628683693,0.6888888888888889
254,0.5628419430644667,0.7013752455795678,0.65
286,0.5304792058491286,0.7151277013752455,0.6611111111111111
