{
    "best_val_accuracy": 0.788888888888889,
    "train_accuracy": 0.8418467583497052,
    "train_loss": 0.4022465826017683,
    "finished_epochs": 21,
    "train_duration_minutes": 6.95077258348465,
    "batch_size": 8.0,
    "lr_decay": 0.03,
    "adam_lr": 0.0001,
    "adam_beta1": 0.99,
    "adam_beta2": 0.9,
    "adam_wtdecay": 0.5688608053235035
}