{
    "best_val_accuracy": 0.7722222222222223,
    "train_accuracy": 0.8261296660117877,
    "train_loss": 0.48572067064480134,
    "finished_epochs": 33,
    "train_duration_minutes": 17.491599770387015,
    "batch_size": 8.0,
    "lr_decay": 0.03,
    "adam_lr": 0.0001,
    "adam_beta1": 0.99,
    "adam_beta2": 0.9999,
    "adam_wtdecay": 1.0
}