{
    "best_val_accuracy": 0.8777777777777778,
    "train_accuracy": 0.8585461689587426,
    "train_loss": 0.3576576049295062,
    "finished_epochs": 12,
    "train_duration_minutes": 3.9745676279067994,
    "batch_size": 8.0,
    "lr_decay": 0.03,
    "adam_lr": 0.1,
    "adam_beta1": 0.75,
    "adam_beta2": 0.9999,
    "adam_wtdecay": 0.45685141636309884
}