{
    "best_val_accuracy": 0.7955801104972375,
    "train_accuracy": 0.8338249754178958,
    "train_loss": 0.3938196535307398,
    "finished_epochs": 26,
    "train_duration_minutes": 8.68635376294454,
    "batch_size": 8.0,
    "lr_decay": 0.3,
    "adam_lr": 0.1,
    "adam_beta1": 0.75,
    "adam_beta2": 0.9,
    "adam_wtdecay": 1.0
}