{
    "best_val_accuracy": 0.7679558011049723,
    "train_accuracy": 0.8338249754178958,
    "train_loss": 0.4323818268677478,
    "finished_epochs": 19,
    "train_duration_minutes": 8.586316514015198,
    "batch_size": 8.0,
    "lr_decay": 0.2785087659588974,
    "lr": 0.052552579065848266,
    "momentum": 0.7647710001612354,
    "weight_decay": 0.6112395679844286
}