{
    "best_val_accuracy": 0.9222222222222223,
    "train_accuracy": 0.9017681728880157,
    "train_loss": 0.2524304659872486,
    "finished_epochs": 17,
    "train_duration_minutes": 9.90803495645523,
    "batch_size": 8.0,
    "lr_decay": 0.03,
    "adam_lr": 0.1,
    "adam_beta1": 0.75,
    "adam_beta2": 0.9999,
    "adam_wtdecay": 1.0
}