{
    "best_val_accuracy": 0.7845303867403315,
    "train_accuracy": 0.8308751229105212,
    "train_loss": 0.4182427257680377,
    "finished_epochs": 20,
    "train_duration_minutes": 10.328899749120076,
    "batch_size": 8.0,
    "lr_decay": 0.06145092461504321,
    "adam_lr": 0.08365234298547422,
    "adam_beta1": 0.896071967789774,
    "adam_beta2": 0.9967324090654893,
    "adam_wtdecay": 0.9814183771106945
}