steps,train_loss,train_acc,val_acc
254,1.6764725115889416,0.5422396856581532,0.6888888888888889
509,0.9936845160303509,0.5481335952848723,0.45555555555555555
763,0.9788461999129687,0.5284872298624754,0.5722222222222223
1018,0.6818682769192693,0.5638506876227898,0.5777777777777778
1272,0.6713002833495674,0.5726915520628684,0.5666666666666667
1527,0.6836797439279163,0.5726915520628684,0.5611111111111111
1781,0.6807328057429646,0.5697445972495088,0.5611111111111111
2036,0.6643965925823728,0.5736738703339882,0.5722222222222223
