{
    "best_val_accuracy": 0.8944444444444445,
    "train_accuracy": 0.8732809430255402,
    "train_loss": 0.33080687668094,
    "finished_epochs": 11,
    "train_duration_minutes": 6.400807750225067,
    "batch_size": 8.0,
    "lr_decay": 0.3,
    "adam_lr": 0.1,
    "adam_beta1": 0.75,
    "adam_beta2": 0.9749843381718138,
    "adam_wtdecay": 0.7450826715464618
}