steps,train_loss,train_acc,val_acc
127,0.6932614418753004,0.45481335952848717,0.5666666666666667
254,0.6927532238669855,0.5677799607072691,0.5666666666666667
381,0.6921851103338605,0.5677799607072691,0.5666666666666667
509,0.6919001117202294,0.5677799607072691,0.5666666666666667
636,0.6918856902066289,0.5677799607072691,0.5666666666666667
763,0.6918774463807201,0.5677799607072691,0.5666666666666667
890,0.6918769751644321,0.5677799607072691,0.5666666666666667
1018,0.6918767396733897,0.5677799607072691,0.5666666666666667
