{
    "best_val_accuracy": 0.9222222222222223,
    "train_accuracy": 0.9302554027504911,
    "train_loss": 0.18146383329084206,
    "finished_epochs": 50,
    "batch_size": 48.0,
    "lr_decay": 0.2622243394143578,
    "lr": 0.028357502738865732,
    "momentum": 0.9252692614568722,
    "weight_decay": 0.7173258478020194
}