{
    "best_val_accuracy": 0.8011049723756906,
    "train_accuracy": 0.8062930186823992,
    "train_loss": 0.5030208542986957,
    "finished_epochs": 20,
    "train_duration_minutes": 62.716963203748065,
    "batch_size": 2.0,
    "lr_decay": 0.03,
    "adam_lr": 0.1,
    "adam_beta1": 0.75,
    "adam_beta2": 0.9999,
    "adam_wtdecay": 1.0
}