{
    "best_val_accuracy": 0.8555555555555556,
    "train_accuracy": 0.786836935166994,
    "train_loss": 0.4615730358130337,
    "finished_epochs": 10,
    "train_duration_minutes": 6.694411389032999,
    "batch_size": 4.0,
    "lr_decay": 0.1214961783958554,
    "adam_lr": 0.1,
    "adam_beta1": 0.99,
    "adam_beta2": 0.9999,
    "adam_wtdecay": 0.24603093403569612
}