steps,train_loss,train_acc,val_acc
15,0.3317738227502302,0.8506876227897838,0.7555555555555555
31,0.332903039068979,0.8791748526522593,0.8777777777777778
47,0.2658563635086966,0.8978388998035363,0.8444444444444444
63,0.18362983654313567,0.9145383104125736,0.8722222222222222
79,0.19354005705396882,0.9273084479371315,0.8722222222222222
95,0.1630807136622768,0.931237721021611,0.8722222222222222
111,0.16009751629735725,0.9273084479371315,0.8666666666666667
127,0.16183554722190138,0.9302554027504911,0.8611111111111112
