{
    "best_val_accuracy": 0.9055555555555556,
    "train_accuracy": 0.8536345776031433,
    "train_loss": 0.42568295819351853,
    "finished_epochs": 28,
    "train_duration_minutes": 54.42690212329229,
    "batch_size": 8.0,
    "lr_decay": 0.08990643213703997,
    "lr": 0.0001,
    "momentum": 0.5800680892411267,
    "weight_decay": 0.02544901336367805
}