{
    "best_val_accuracy": 0.5722222222222223,
    "train_accuracy": 0.5088408644400786,
    "train_loss": 0.946213813392493,
    "finished_epochs": 8,
    "train_duration_minutes": 7.520838169256846,
    "batch_size": 1.0,
    "lr_decay": 0.050902379460482663,
    "adam_lr": 0.05616399546673006,
    "adam_beta1": 0.7749153123244736,
    "adam_beta2": 0.9914769833171342,
    "adam_wtdecay": 0.7055816393090579
}