steps,train_loss,train_acc,val_acc
1018,0.946213813392493,0.5088408644400786,0.5722222222222223
2036,0.7417332874007215,0.5442043222003929,0.5666666666666667
3054,0.6960225616140778,0.5471512770137524,0.3944444444444445
4072,0.6801141570733901,0.5667976424361493,0.35000000000000003
5090,0.6757652963308548,0.5717092337917485,0.34444444444444444
6108,0.6728190634772914,0.5697445972495088,0.34444444444444444
7126,0.6686832801473632,0.5707269155206286,0.3277777777777778
8144,0.6721749775301965,0.5697445972495088,0.33333333333333337
