steps,train_loss,train_acc,val_acc
31,0.34049484338647956,0.8575638506876228,0.7444444444444445
