{
    "best_val_accuracy": 0.9444444444444445,
    "train_accuracy": 0.8801571709233791,
    "train_loss": 0.2906123584754809,
    "finished_epochs": 11,
    "train_duration_minutes": 26.816493992010752,
    "batch_size": 4.0,
    "lr_decay": 0.3,
    "adam_lr": 0.1,
    "adam_beta1": 0.7810724135783506,
    "adam_beta2": 0.9999,
    "adam_wtdecay": 1.0
}