steps,train_loss,train_acc,val_acc
127,26.13801206013915,0.5201573254670601,0.56353591160221
254,2.238744501518992,0.5398230088495576,0.48066298342541436
381,1.6254965112624267,0.5496558505408063,0.56353591160221
508,1.2650013799864281,0.5535889872173059,0.56353591160221
635,1.3158184877187453,0.5526057030481809,0.56353591160221
762,1.2539771056808202,0.5526057030481809,0.56353591160221
889,1.211625576019287,0.551622418879056,0.56353591160221
1017,1.262029041582856,0.5457227138643068,0.56353591160221
