steps,train_loss,train_acc,val_acc
21,0.4521319716290547,0.7819253438113949,0.7444444444444445
42,0.29711294396687116,0.8664047151277013,0.8944444444444445
63,0.24266355107071827,0.8998035363457759,0.85
84,0.18928185367338315,0.9233791748526522,0.8722222222222222
106,0.19868774006549408,0.9165029469548133,0.8722222222222222
127,0.20107223617355752,0.9273084479371315,0.8722222222222222
148,0.18341601503855587,0.9292730844793713,0.8666666666666667
169,0.18514873623145353,0.9223968565815324,0.8722222222222222
