steps,train_loss,train_acc,val_acc
42,0.35728347112657044,0.8241650294695481,0.8555555555555556
