steps,train_loss,train_acc,val_acc
127,74.9821985901456,0.5658153241650294,0.5666666666666667
254,144.98696012066014,0.5677799607072691,0.5666666666666667
381,167.13935116091506,0.5677799607072691,0.5666666666666667
509,185.57504274709285,0.5677799607072691,0.5666666666666667
636,174.52521270572086,0.5677799607072691,0.5666666666666667
763,167.53641783558783,0.5677799607072691,0.5666666666666667
890,168.31628989049165,0.5677799607072691,0.5666666666666667
1018,181.84558834308257,0.5677799607072691,0.5666666666666667
