steps,train_loss,train_acc,val_acc
127,0.41618050227933406,0.8261296660117877,0.9055555555555556
254,0.31114393800555606,0.8772102161100196,0.8944444444444445
381,0.291544115262322,0.8948919449901768,0.8611111111111112
509,0.2436753094547624,0.9017681728880157,0.8944444444444445
636,0.22977724864581245,0.9037328094302554,0.8944444444444445
763,0.2193642013023785,0.912573673870334,0.8833333333333334
890,0.20394777320691318,0.9233791748526522,0.8833333333333334
1018,0.19806580646567354,0.9282907662082515,0.8833333333333334
