{
    "best_val_accuracy": 0.9166666666666667,
    "train_accuracy": 0.9351669941060903,
    "train_loss": 0.16657084860419946,
    "finished_epochs": 50,
    "batch_size": 48.0,
    "lr_decay": 0.27615116840535503,
    "lr": 0.010049916788892372,
    "momentum": 0.577143875825491,
    "weight_decay": 0.0
}