{
    "best_val_accuracy": 0.8333333333333334,
    "train_accuracy": 0.8555992141453831,
    "train_loss": 0.40715486396740835,
    "finished_epochs": 15,
    "train_duration_minutes": 7.955706107616424,
    "batch_size": 8.0,
    "lr_decay": 0.3,
    "adam_lr": 0.0001,
    "adam_beta1": 0.99,
    "adam_beta2": 0.9,
    "adam_wtdecay": 0.9353621013097444
}