{
    "best_val_accuracy": 0.56353591160221,
    "train_accuracy": 0.4424778761061947,
    "train_loss": 3.2379724880938685,
    "finished_epochs": 10,
    "train_duration_minutes": 3.5293706615765887,
    "batch_size": 8.0,
    "lr_decay": 0.09784524184245544,
    "lr": 0.1,
    "momentum": 0.99,
    "weight_decay": 0.3020757096348408
}