{
    "best_val_accuracy": 0.7513812154696132,
    "train_accuracy": 0.6991150442477877,
    "train_loss": 0.7452615919131914,
    "finished_epochs": 13,
    "train_duration_minutes": 16.476373779773713,
    "batch_size": 2.0,
    "lr_decay": 0.17782667521570977,
    "lr": 0.1,
    "momentum": 0.3,
    "weight_decay": 0.4557914325267437
}