steps,train_loss,train_acc,val_acc
508,1.3310802278265488,0.41887905604719766,0.5303867403314917
1017,1.2308206786799922,0.56047197640118,0.56353591160221
1525,1.1687072255852886,0.5693215339233039,0.56353591160221
2034,1.1267581601410137,0.568338249754179,0.56353591160221
2542,1.106151538964218,0.568338249754179,0.56353591160221
3051,1.0975625454031495,0.568338249754179,0.56353591160221
3559,1.1001081877519012,0.568338249754179,0.56353591160221
4068,1.096772551712385,0.568338249754179,0.56353591160221
4576,1.0992445972113483,0.568338249754179,0.56353591160221
