{
    "best_val_accuracy": 0.9,
    "train_accuracy": 0.924361493123772,
    "train_loss": 0.18492022180135687,
    "finished_epochs": 50,
    "batch_size": 48.0,
    "lr_decay": 0.22431914137355102,
    "adam_lr": 0.1,
    "adam_beta1": 0.8,
    "adam_beta2": 0.9999,
    "adam_wtdecay": 0.4109315606288394
}