steps,train_loss,train_acc,val_acc
42,0.4201367639136923,0.8035363457760314,0.8277777777777778
