steps,train_loss,train_acc,val_acc
127,2.135423904440513,0.5221238938053098,0.56353591160221
254,1.156270206384837,0.5673549655850542,0.56353591160221
381,1.1584536647140218,0.568338249754179,0.5469613259668508
508,1.1413580316357907,0.568338249754179,0.5580110497237569
635,1.1397018116132347,0.568338249754179,0.5580110497237569
762,1.1334826866551253,0.568338249754179,0.56353591160221
889,1.1273329986466303,0.5653883972468043,0.5580110497237569
1017,1.1268470326004478,0.5663716814159292,0.5524861878453038
