steps,train_loss,train_acc,val_acc
21,0.8409790977513626,0.7966601178781925,0.75
42,0.27006912058720656,0.8889980353634577,0.8444444444444444
63,0.2673660800124433,0.9037328094302554,0.5333333333333333
84,1.1449703307189267,0.6326129666011787,0.4277777777777778
106,0.6431169335992022,0.6414538310412573,0.7166666666666667
127,0.4784997433482547,0.780943025540275,0.5833333333333334
148,0.4272869078841331,0.8025540275049116,0.7333333333333334
169,0.3916225123030732,0.8231827111984282,0.7666666666666667
