steps,train_loss,train_acc,val_acc
1018,1.0255026707539157,0.49999999999999994,0.5666666666666667
2036,0.7228089724402063,0.5550098231827112,0.5666666666666667
3054,0.7224570955122384,0.5579567779960707,0.5666666666666667
4072,0.6854303518716385,0.5677799607072691,0.5666666666666667
5090,0.6848726917226563,0.5658153241650294,0.5666666666666667
6108,0.6823547990125383,0.5677799607072691,0.5666666666666667
7126,0.682949943661924,0.5687622789783889,0.5666666666666667
8144,0.6818607948969295,0.5697445972495088,0.5666666666666667
