{
    "best_val_accuracy": 0.5777777777777778,
    "train_accuracy": 0.5324165029469548,
    "train_loss": 0.8460710117179893,
    "finished_epochs": 10,
    "train_duration_minutes": 34.32350651423136,
    "batch_size": 2.0,
    "lr_decay": 0.03,
    "lr": 0.041403916561269904,
    "momentum": 0.99,
    "weight_decay": 0.0
}