steps,train_loss,train_acc,val_acc
1018,2387147.302360174,0.5049115913555992,0.5333333333333333
2036,1816182.046725493,0.4891944990176817,0.5777777777777778
3054,927.1884303860264,0.4842829076620825,0.5666666666666667
4072,5.7205014059316435,0.5157170923379174,0.5666666666666667
5090,19.259204925716745,0.5265225933202358,0.5666666666666667
6108,1.3461158350841937,0.5068762278978388,0.5611111111111111
7126,1.515326836166541,0.49214145383104124,0.5666666666666667
8144,16.862769857956525,0.4990176817288801,0.4444444444444445
9162,1.5310552705716056,0.5235756385068762,0.5666666666666667
