steps,train_loss,train_acc,val_acc
254,1.0067842312618696,0.616519174041298,0.6685082872928176
508,0.836613202048145,0.672566371681416,0.574585635359116
762,0.7898047021356656,0.6971484759095379,0.5303867403314917
1017,0.7668735162815631,0.7138643067846608,0.585635359116022
1271,0.6868202809387252,0.7266470009832842,0.6132596685082873
1525,0.6697405737292684,0.7325467059980335,0.6243093922651933
1779,0.6864805236795776,0.7345132743362832,0.6022099447513812
2034,0.6776912137353197,0.7512291052114062,0.6077348066298343
