steps,train_loss,train_acc,val_acc
127,0.3835345212743418,0.8447937131630647,0.9222222222222223
254,0.32339608218440374,0.8713163064833005,0.888888888888889
381,0.27603900567253353,0.8860510805500982,0.9166666666666667
509,0.24003524355195127,0.8958742632612966,0.9111111111111111
636,0.23538897788126484,0.9086444007858545,0.9111111111111111
763,0.20743942939930674,0.912573673870334,0.9166666666666667
890,0.22476409870421254,0.8988212180746561,0.9166666666666667
1018,0.21748060204659558,0.9115913555992141,0.9222222222222223
