{
    "best_val_accuracy": 0.9333333333333333,
    "train_accuracy": 0.8516699410609037,
    "train_loss": 0.383257611034427,
    "finished_epochs": 50,
    "train_duration_minutes": 33.52468155622482,
    "batch_size": 4.0,
    "lr_decay": 0.3,
    "adam_lr": 0.1,
    "adam_beta1": 0.99,
    "adam_beta2": 0.9999,
    "adam_wtdecay": 0.21750980251619062
}