{
    "best_val_accuracy": 0.569060773480663,
    "train_accuracy": 0.5722713864306785,
    "train_loss": 0.9858931785956714,
    "finished_epochs": 15,
    "train_duration_minutes": 6.983586823940277,
    "batch_size": 8.0,
    "lr_decay": 0.3,
    "lr": 0.0001,
    "momentum": 0.3,
    "weight_decay": 0.3287538955529945
}