{
    "best_val_accuracy": 0.9500000000000001,
    "train_accuracy": 0.9135559921414538,
    "train_loss": 0.20138227579518714,
    "finished_epochs": 16,
    "train_duration_minutes": 46.0103089372317,
    "batch_size": 2.0,
    "lr_decay": 0.13082193463363379,
    "adam_lr": 0.1,
    "adam_beta1": 0.838622647631183,
    "adam_beta2": 0.9999,
    "adam_wtdecay": 0.6262311090545413
}