{
    "best_val_accuracy": 0.9055555555555556,
    "train_accuracy": 0.8919449901768173,
    "train_loss": 0.25091160590850065,
    "finished_epochs": 29,
    "train_duration_minutes": 19.413133215904235,
    "batch_size": 4.0,
    "lr_decay": 0.3,
    "adam_lr": 0.1,
    "adam_beta1": 0.99,
    "adam_beta2": 0.9999,
    "adam_wtdecay": 0.21750980251619062
}