{
    "best_val_accuracy": 0.6906077348066298,
    "train_accuracy": 0.6735496558505408,
    "train_loss": 0.7982154957429967,
    "finished_epochs": 15,
    "train_duration_minutes": 18.95667332013448,
    "batch_size": 2.0,
    "lr_decay": 0.3,
    "lr": 0.1,
    "momentum": 0.3029217269413944,
    "weight_decay": 0.31081687538914593
}