{
    "best_val_accuracy": 0.8722222222222222,
    "train_accuracy": 0.8614931237721021,
    "train_loss": 0.3897903645905156,
    "finished_epochs": 25,
    "train_duration_minutes": 8.836717263857524,
    "batch_size": 8.0,
    "lr_decay": 0.09062731195859994,
    "lr": 0.0001,
    "momentum": 0.3,
    "weight_decay": 0.608673073156394
}