steps,train_loss,train_acc,val_acc
63,0.4506187628083707,0.8192534381139489,0.788888888888889
127,0.26600376351174765,0.8889980353634577,0.9166666666666667
190,0.22276176622023985,0.9115913555992141,0.6777777777777778
254,0.2379885033680554,0.8988212180746561,0.9111111111111111
318,0.2051507571240071,0.9184675834970529,0.888888888888889
381,0.20030054691556864,0.905697445972495,0.9
445,0.1661930745559029,0.9390962671905697,0.888888888888889
509,0.1761642931310976,0.9282907662082515,0.8833333333333334
