steps,train_loss,train_acc,val_acc
509,0.7132728970472377,0.5638506876227898,0.65
1018,0.6619392439927942,0.6453831041257367,0.5833333333333334
1527,0.6819436013522926,0.574656188605108,0.5666666666666667
2036,0.6901782586555818,0.5687622789783889,0.5888888888888889
2545,0.6896566692410377,0.5442043222003929,0.5777777777777778
3054,0.6829634822890426,0.56188605108055,0.5722222222222223
3563,0.6838820908064926,0.5638506876227898,0.5666666666666667
4072,0.6846422844645083,0.5579567779960707,0.5666666666666667
