{
    "best_val_accuracy": 0.5666666666666667,
    "train_accuracy": 0.5442043222003929,
    "train_loss": 2.3281154335130645,
    "finished_epochs": 8,
    "train_duration_minutes": 4.199578535556793,
    "batch_size": 8.0,
    "lr_decay": 0.3,
    "adam_lr": 0.1,
    "adam_beta1": 0.75,
    "adam_beta2": 0.9,
    "adam_wtdecay": 0.0
}