steps,train_loss,train_acc,val_acc
127,2.3281154335130645,0.5442043222003929,0.5666666666666667
254,0.7354498310032903,0.5284872298624754,0.5666666666666667
381,0.7018115561462807,0.5481335952848723,0.43333333333333335
509,0.6878215968023349,0.5599214145383103,0.5666666666666667
636,0.6875815525036195,0.5677799607072691,0.5666666666666667
763,0.6850665879155892,0.5677799607072691,0.5666666666666667
890,0.685434968860304,0.5677799607072691,0.5666666666666667
1018,0.6846664277415847,0.5677799607072691,0.5666666666666667
