steps,train_loss,train_acc,val_acc
127,1.3292056272866803,0.4051130776794494,0.585635359116022
254,1.1644837897318536,0.568338249754179,0.56353591160221
381,1.1017511713821275,0.568338249754179,0.56353591160221
508,1.07482747119671,0.568338249754179,0.56353591160221
635,1.0813286184912938,0.568338249754179,0.56353591160221
762,1.0709321897407313,0.568338249754179,0.569060773480663
889,1.070403552805545,0.568338249754179,0.569060773480663
1017,1.0663374620201314,0.568338249754179,0.569060773480663
