steps,train_loss,train_acc,val_acc
254,6.032748688990387,0.5663716814159292,0.569060773480663
508,1.9780303644805766,0.6381514257620453,0.585635359116022
762,1.5347911234919418,0.6312684365781711,0.5303867403314917
1017,1.1910363756918743,0.624385447394297,0.47513812154696133
1271,1.2197917310068624,0.6430678466076697,0.4530386740331491
1525,1.1310281505626916,0.6538839724680433,0.48066298342541436
1779,1.1494537491714005,0.6548672566371682,0.5524861878453038
2034,1.066483403436085,0.6538839724680433,0.580110497237569
2288,1.0570552972682927,0.6538839724680433,0.5469613259668508
