steps,train_loss,train_acc,val_acc
254,1.1703268066268404,0.5673549655850542,0.56353591160221
508,1.1730573722980953,0.568338249754179,0.11602209944751381
762,381.6918735429132,0.5358898721730581,0.11049723756906077
1017,623201684.6681685,0.1248770894788594,0.16574585635359115
1271,528.2544899615098,0.16617502458210423,0.16574585635359115
1525,152527.74215542202,0.5073746312684366,0.56353591160221
1779,462171.4567537411,0.568338249754179,0.56353591160221
2034,322867.64760977443,0.568338249754179,0.56353591160221
