steps,train_loss,train_acc,val_acc
254,1.0159519620115192,0.5968534906588004,0.6464088397790055
508,1.0462984912163389,0.5771878072763029,0.4475138121546961
762,1.1032066027557839,0.5653883972468043,0.43646408839779005
1017,1.1069096728880965,0.5270403146509341,0.574585635359116
1271,1.0417398827383066,0.56047197640118,0.5966850828729282
1525,0.9859252574990046,0.5830875122910522,0.580110497237569
1779,1.005599687115867,0.584070796460177,0.585635359116022
2034,0.9900699799977455,0.5732546705998034,0.5911602209944751
