steps,train_loss,train_acc,val_acc
63,0.8938823964157404,0.6548672566371682,0.6077348066298343
