steps,train_loss,train_acc,val_acc
42,0.3437803366563643,0.8428290766208251,0.8111111111111111
84,0.21321405350342246,0.9047151277013752,0.8666666666666667
127,0.1967314543799005,0.9253438113948919,0.8833333333333334
169,0.20992542292432373,0.9273084479371315,0.8388888888888889
212,0.2046282423078311,0.9096267190569743,0.8722222222222222
254,0.15711310359490174,0.9400785854616895,0.8777777777777778
296,0.16056976817211607,0.9282907662082515,0.8666666666666667
339,0.14422282251604412,0.943025540275049,0.8722222222222222
381,0.1465293998099966,0.943025540275049,0.8611111111111112
