steps,train_loss,train_acc,val_acc
254,0.6587588619623765,0.5864440078585461,0.65
509,0.670473064268502,0.5726915520628684,0.65
763,0.6609870256281555,0.5884086444007858,0.65
1018,0.6582595914426628,0.5884086444007858,0.638888888888889
1272,0.6650337499579184,0.56286836935167,0.65
1527,0.6490092330222514,0.5923379174852652,0.6166666666666667
1781,0.6621051852267477,0.5717092337917485,0.5833333333333334
2036,0.6553963406381064,0.5707269155206286,0.5944444444444444
