{
    "best_val_accuracy": 0.65,
    "train_accuracy": 0.5756385068762279,
    "train_loss": 0.7035808436762842,
    "finished_epochs": 12,
    "train_duration_minutes": 17.647718636194863,
    "batch_size": 8.0,
    "lr_decay": 0.03467413733735787,
    "lr": 0.0634131204007576,
    "momentum": 0.9761998785546746,
    "weight_decay": 0.5577874124558202
}