steps,train_loss,train_acc,val_acc
508,1.1487976456227673,0.5653883972468043,0.6464088397790055
1017,1.097113279056174,0.576204523107178,0.5082872928176796
1525,1.0711379353627344,0.5830875122910522,0.5469613259668508
2034,1.0055268674121844,0.6145526057030483,0.6187845303867403
2542,0.9779128176155578,0.6175024582104228,0.580110497237569
3051,0.9950108160663144,0.6204523107177975,0.6077348066298343
3559,0.9655320036024471,0.6332350049164209,0.6464088397790055
4068,0.9556840205731763,0.6332350049164209,0.585635359116022
