steps,train_loss,train_acc,val_acc
1017,1.3982615572278596,0.4985250737463127,0.56353591160221
2034,1.2113641897837322,0.5476892822025565,0.56353591160221
3051,1.1999608361498326,0.56047197640118,0.56353591160221
4068,1.1689645649174791,0.568338249754179,0.56353591160221
5085,1.158319280152241,0.568338249754179,0.56353591160221
6102,1.152884919148748,0.568338249754179,0.56353591160221
7119,1.1511905702048932,0.568338249754179,0.56353591160221
8136,1.1481216100347664,0.568338249754179,0.56353591160221
