{
    "best_val_accuracy": 0.8333333333333334,
    "train_accuracy": 0.6836935166994106,
    "train_loss": 0.5525695297186407,
    "finished_epochs": 13,
    "train_duration_minutes": 5.860689826806387,
    "batch_size": 2.0,
    "lr_decay": 0.3,
    "lr": 0.0001,
    "momentum": 0.3,
    "weight_decay": 0.40877559203837693
}