{
    "best_val_accuracy": 0.9166666666666667,
    "train_accuracy": 0.8781925343811394,
    "train_loss": 0.30211080250665107,
    "finished_epochs": 16,
    "train_duration_minutes": 15.257499063014984,
    "batch_size": 4.0,
    "lr_decay": 0.1378720902300154,
    "adam_lr": 0.1,
    "adam_beta1": 0.99,
    "adam_beta2": 0.9,
    "adam_wtdecay": 0.6729563086951509
}