steps,train_loss,train_acc,val_acc
1018,0.8807395995248746,0.5009823182711198,0.5666666666666667
2036,0.7110024698825154,0.5363457760314342,0.43333333333333335
3054,0.7001221701649177,0.524557956777996,0.5666666666666667
4072,0.6874852440738959,0.56286836935167,0.5666666666666667
5090,0.6869391668112198,0.5677799607072691,0.5666666666666667
6108,0.6833222010163755,0.5677799607072691,0.5666666666666667
7126,0.6812768928077225,0.5677799607072691,0.5666666666666667
8144,0.6745577877888745,0.5677799607072691,0.5666666666666667
