steps,train_loss,train_acc,val_acc
1017,1.1639646866680247,0.5565388397246804,0.4917127071823204
2034,0.8541498612044718,0.6450344149459194,0.4419889502762431
3051,0.7940940946018216,0.6578171091445428,0.4088397790055248
4068,0.6846199311689641,0.7168141592920354,0.34806629834254144
5085,0.666595348390506,0.7295968534906588,0.39779005524861877
6102,0.6410546176201475,0.7305801376597837,0.3756906077348066
7119,0.6404258203834676,0.7138643067846608,0.3425414364640884
8136,0.6142655473894778,0.7374631268436579,0.33701657458563533
