steps,train_loss,train_acc,val_acc
1017,1.2218941408507122,0.56047197640118,0.56353591160221
2034,1.1714443472399942,0.568338249754179,0.56353591160221
3051,1.1638148680783538,0.568338249754179,0.56353591160221
4068,1.149806306806403,0.568338249754179,0.56353591160221
5085,1.140909431196361,0.568338249754179,0.56353591160221
6102,1.1337652755873744,0.568338249754179,0.56353591160221
7119,1.133680841534773,0.568338249754179,0.56353591160221
8136,1.1304151354286172,0.568338249754179,0.56353591160221
