{
    "best_val_accuracy": 0.9111111111111111,
    "train_accuracy": 0.8113948919449901,
    "train_loss": 0.4192291140439234,
    "finished_epochs": 21,
    "train_duration_minutes": 10.50241972208023,
    "batch_size": 4.0,
    "lr_decay": 0.11256618053798986,
    "adam_lr": 0.1,
    "adam_beta1": 0.8730393658552893,
    "adam_beta2": 0.9381556840685055,
    "adam_wtdecay": 0.34258894914475213
}