{
    "best_val_accuracy": 0.7679558011049723,
    "train_accuracy": 0.8013765978367748,
    "train_loss": 0.48933077954495785,
    "finished_epochs": 16,
    "train_duration_minutes": 36.03484227657318,
    "batch_size": 4.0,
    "lr_decay": 0.1623534236214381,
    "lr": 0.012013982749323011,
    "momentum": 0.46479823325261227,
    "weight_decay": 0.7184873090470668
}