steps,train_loss,train_acc,val_acc
42,0.3848394937154586,0.8555992141453831,0.8111111111111111
