steps,train_loss,train_acc,val_acc
127,0.41327848889972935,0.8064833005893909,0.9055555555555556
254,0.3508260456190128,0.8467583497053045,0.9500000000000001
381,0.3349852214159338,0.8614931237721021,0.8333333333333334
509,0.318667316952014,0.868369351669941,0.9333333333333333
636,0.2656598090539981,0.8909626719056973,0.9333333333333333
763,0.24272090597682008,0.8899803536345775,0.9277777777777778
890,0.2382235373342904,0.905697445972495,0.9333333333333333
1018,0.2245190480837419,0.9165029469548133,0.9388888888888889
1145,0.2557528701067439,0.9106090373280943,0.9333333333333333
