{
    "best_val_accuracy": 0.9111111111111111,
    "train_accuracy": 0.9086444007858545,
    "train_loss": 0.229073631183806,
    "finished_epochs": 17,
    "train_duration_minutes": 48.88837162256241,
    "batch_size": 2.0,
    "lr_decay": 0.046399997544881715,
    "adam_lr": 0.1,
    "adam_beta1": 0.8030858587387328,
    "adam_beta2": 0.9999,
    "adam_wtdecay": 0.4957247316011534
}