{
    "best_val_accuracy": 0.7569060773480663,
    "train_accuracy": 0.7187807276302852,
    "train_loss": 0.7027569389741798,
    "finished_epochs": 16,
    "train_duration_minutes": 8.015886863072714,
    "batch_size": 4.0,
    "lr_decay": 0.3,
    "adam_lr": 0.1,
    "adam_beta1": 0.99,
    "adam_beta2": 0.9999,
    "adam_wtdecay": 1.0
}