steps,train_loss,train_acc,val_acc
1018,0.6480288986548459,0.6424361493123771,0.43333333333333335
2036,0.42999738525079606,0.8153241650294695,0.5611111111111111
3054,0.4265077784218348,0.8261296660117877,0.4388888888888889
4072,0.3708164261284418,0.849705304518664,0.48333333333333334
5090,0.2990373581179467,0.8693516699410608,0.4444444444444445
6108,0.24119284778306432,0.8968565815324164,0.4388888888888889
7126,0.23049186717550507,0.9027504911591355,0.43333333333333335
8144,0.23671008221995385,0.9076620825147347,0.43333333333333335
