{
    "best_val_accuracy": 0.5666666666666667,
    "train_accuracy": 0.5677799607072691,
    "train_loss": 3.9424797823480633,
    "finished_epochs": 8,
    "train_duration_minutes": 27.452600105603537,
    "batch_size": 2.0,
    "lr_decay": 0.3,
    "lr": 0.1,
    "momentum": 0.3,
    "weight_decay": 1.0
}