steps,train_loss,train_acc,val_acc
509,3.9424797823480633,0.5677799607072691,0.5666666666666667
1018,4.033466101395358,0.5677799607072691,0.5666666666666667
1527,4.090040607630387,0.5677799607072691,0.5666666666666667
2036,4.008897245281572,0.5677799607072691,0.5666666666666667
2545,4.044265400215778,0.5677799607072691,0.5666666666666667
3054,4.0920043876925245,0.5677799607072691,0.5666666666666667
3563,3.9883084974026635,0.5677799607072691,0.5666666666666667
4072,4.0580067700159335,0.5677799607072691,0.5666666666666667
