{
    "best_val_accuracy": 0.5944444444444444,
    "train_accuracy": 0.5540275049115914,
    "train_loss": 0.7428916346113433,
    "finished_epochs": 9,
    "train_duration_minutes": 18.217757320404054,
    "batch_size": 8.0,
    "lr_decay": 0.11140560852976804,
    "adam_lr": 0.07852631949462095,
    "adam_beta1": 0.8449487761802695,
    "adam_beta2": 0.99854321895435,
    "adam_wtdecay": 0.021114745820224767
}