steps,train_loss,train_acc,val_acc
127,0.9799176169987511,0.5923379174852652,0.5611111111111111
254,0.7428916346113433,0.5540275049115914,0.5944444444444444
381,0.7884732370058071,0.5687622789783889,0.5666666666666667
509,1.4551779244878202,0.5383104125736738,0.4444444444444445
636,1.4153671350132506,0.5569744597249509,0.5722222222222223
763,1.180086092419615,0.5638506876227898,0.5666666666666667
890,0.9989151112105851,0.5707269155206286,0.5666666666666667
1018,1.0421465300389499,0.56286836935167,0.5555555555555556
1145,1.1184383722091704,0.5717092337917485,0.5777777777777778
