{
    "best_val_accuracy": 0.8388888888888889,
    "train_accuracy": 0.8369351669941061,
    "train_loss": 0.43124045428686386,
    "finished_epochs": 10,
    "train_duration_minutes": 3.301543601353963,
    "batch_size": 8.0,
    "lr_decay": 0.03,
    "adam_lr": 0.0001,
    "adam_beta1": 0.75,
    "adam_beta2": 0.9004629115274271,
    "adam_wtdecay": 0.2669846338207801
}