steps,train_loss,train_acc,val_acc
254,1.28114567505106,0.5693215339233039,0.580110497237569
508,0.9836373810922854,0.6076696165191741,0.6574585635359116
762,0.9441954211030621,0.6175024582104228,0.5911602209944751
1017,0.8543844674306399,0.6519174041297936,0.30386740331491713
1271,0.8584326273572128,0.6637168141592921,0.6243093922651933
1525,0.7770108737073466,0.6843657817109144,0.5580110497237569
1779,0.7834091798980211,0.6892822025565388,0.6132596685082873
2034,0.7320424143660854,0.7099311701081613,0.56353591160221
2288,0.7381593725088189,0.7109144542772862,0.6077348066298343
