{
    "best_val_accuracy": 0.9222222222222223,
    "train_accuracy": 0.8349705304518663,
    "train_loss": 0.40437687312807225,
    "finished_epochs": 50,
    "train_duration_minutes": 143.97593514124551,
    "batch_size": 2.0,
    "lr_decay": 0.03,
    "adam_lr": 0.1,
    "adam_beta1": 0.75,
    "adam_beta2": 0.9999,
    "adam_wtdecay": 0.5263863110376281
}