{
    "best_val_accuracy": 0.9055555555555556,
    "train_accuracy": 0.9115913555992141,
    "train_loss": 0.22504181671002058,
    "finished_epochs": 17,
    "train_duration_minutes": 21.696985443433125,
    "batch_size": 2.0,
    "lr_decay": 0.3,
    "lr": 0.0001,
    "momentum": 0.99,
    "weight_decay": 0.0
}