steps,train_loss,train_acc,val_acc
1018,5.918046109568627,0.6394891944990176,0.4666666666666667
2036,0.6324565163237172,0.712180746561886,0.5777777777777778
3054,0.6220975510615029,0.6984282907662082,0.5055555555555555
4072,0.5487667213254452,0.7367387033398821,0.5166666666666667
5090,0.4263658226414607,0.8241650294695481,0.5388888888888889
6108,0.438325621875658,0.8025540275049116,0.5111111111111112
7126,0.4212195387874933,0.818271119842829,0.4277777777777778
8144,0.43882784411340425,0.8113948919449901,0.45
9162,0.42848916261041564,0.8133595284872298,0.49444444444444446
