{
    "best_val_accuracy": 0.7777777777777778,
    "train_accuracy": 0.7387033398821218,
    "train_loss": 0.5569920084331265,
    "finished_epochs": 10,
    "train_duration_minutes": 4.426127886772155,
    "batch_size": 2.0,
    "lr_decay": 0.03,
    "lr": 0.0001,
    "momentum": 0.3,
    "weight_decay": 0.3972011995583694
}