{
    "best_val_accuracy": 0.8722222222222222,
    "train_accuracy": 0.805500982318271,
    "train_loss": 0.4184042949866218,
    "finished_epochs": 18,
    "train_duration_minutes": 6.0353384733200075,
    "batch_size": 4.0,
    "lr_decay": 0.10991503773994102,
    "adam_lr": 0.0006681260155291243,
    "adam_beta1": 0.75,
    "adam_beta2": 0.9999,
    "adam_wtdecay": 0.8185930216274864
}