epoch,loss,train_acc,val_acc
1,0.9524568395158345,0.629863301787592,0.5317073170731708
2,0.8512676963984152,0.7003154574132492,0.5853658536585366
