steps,train_loss,train_acc,val_acc
42,1.2606539335926021,0.4395280235988201,0.569060773480663
