steps,train_loss,train_acc,val_acc
15,0.8701568409404924,0.6411012782694199,0.6132596685082873
31,0.6578483061394275,0.744346116027532,0.729281767955801
47,0.5273524664027384,0.7895771878072764,0.7071823204419889
63,0.5186085238862296,0.7994100294985251,0.580110497237569
79,0.4718771962817088,0.7994100294985251,0.6298342541436464
95,0.43660800022713203,0.8279252704031466,0.6519337016574586
111,0.4170194950720319,0.8436578171091446,0.6464088397790055
127,0.373599774542108,0.8623402163225172,0.6464088397790055
