{
    "best_val_accuracy": 0.7790055248618785,
    "train_accuracy": 0.8318584070796461,
    "train_loss": 0.40767104470975984,
    "finished_epochs": 23,
    "train_duration_minutes": 7.626455438137055,
    "batch_size": 8.0,
    "lr_decay": 0.2611707063050646,
    "adam_lr": 0.05781289762798242,
    "adam_beta1": 0.75,
    "adam_beta2": 0.9999,
    "adam_wtdecay": 0.5050003729198133
}