steps,train_loss,train_acc,val_acc
254,1.324193366040405,0.44641101278269424,0.56353591160221
508,1.2805517432495088,0.5329400196656834,0.5580110497237569
762,1.2566585265312458,0.5634218289085546,0.56353591160221
1017,1.2416140559617515,0.5693215339233039,0.56353591160221
1271,1.2376946692621462,0.5693215339233039,0.56353591160221
1525,1.2411445621895578,0.568338249754179,0.56353591160221
1779,1.232348131922494,0.5663716814159292,0.56353591160221
2034,1.2399233978758168,0.568338249754179,0.56353591160221
