{
    "best_val_accuracy": 0.9333333333333333,
    "train_accuracy": 0.831041257367387,
    "train_loss": 0.38020002110065315,
    "finished_epochs": 50,
    "train_duration_minutes": 122.12390613953272,
    "batch_size": 4.0,
    "lr_decay": 0.3,
    "adam_lr": 0.1,
    "adam_beta1": 0.75,
    "adam_beta2": 0.9999,
    "adam_wtdecay": 1.0
}