{
    "best_val_accuracy": 0.5611111111111111,
    "train_accuracy": 0.5874263261296659,
    "train_loss": 0.6564247010674599,
    "finished_epochs": 12,
    "train_duration_minutes": 34.81345402797063,
    "batch_size": 2.0,
    "lr_decay": 0.14586515857072332,
    "lr": 0.04015845027031079,
    "momentum": 0.4576608475013776,
    "weight_decay": 0.032375761625848654
}