{
    "best_val_accuracy": 0.8444444444444444,
    "train_accuracy": 0.8899803536345775,
    "train_loss": 0.3017167819038121,
    "finished_epochs": 17,
    "train_duration_minutes": 7.668188238143921,
    "batch_size": 8.0,
    "lr_decay": 0.3,
    "lr": 0.0001,
    "momentum": 0.8170830049950814,
    "weight_decay": 0.0
}