{
    "best_val_accuracy": 0.9166666666666667,
    "train_accuracy": 0.8526522593320235,
    "train_loss": 0.34477909670480344,
    "finished_epochs": 16,
    "train_duration_minutes": 5.368646879990895,
    "batch_size": 4.0,
    "lr_decay": 0.06721814940240121,
    "adam_lr": 0.08080168137221329,
    "adam_beta1": 0.75,
    "adam_beta2": 0.9999,
    "adam_wtdecay": 0.8164859952124434
}