steps,train_loss,train_acc,val_acc
63,0.4000667970634865,0.8251473477406679,0.8
127,0.33774402111124663,0.8713163064833005,0.8722222222222222
190,0.2992388731077284,0.8791748526522593,0.8722222222222222
254,0.345615729601772,0.8664047151277013,0.788888888888889
318,0.28027220793463625,0.8664047151277013,0.85
381,0.2508218695934723,0.9066797642436148,0.8666666666666667
445,0.23367185533515128,0.9007858546168959,0.8666666666666667
509,0.269590567863292,0.8899803536345775,0.8722222222222222
