steps,train_loss,train_acc,val_acc
21,0.53361281483253,0.7288801571709234,0.8055555555555556
