{
    "best_val_accuracy": 0.6944444444444444,
    "train_accuracy": 0.6689587426326129,
    "train_loss": 0.612709300925549,
    "finished_epochs": 23,
    "train_duration_minutes": 11.491355458895365,
    "batch_size": 4.0,
    "lr_decay": 0.205139715155739,
    "adam_lr": 0.08286550462310348,
    "adam_beta1": 0.9118329736294002,
    "adam_beta2": 0.9800246389564622,
    "adam_wtdecay": 0.3345042639248371
}