{
    "accuracy": 0.7757009345794392,
    "confusion_matrix": "[[ 17  12   2   3]\n [  6  28   2   0]\n [  1   3   9  10]\n [  1   7   1 112]]",
    "precisionmicro": 0.7757009345794392,
    "precisionmacro": 0.6947142857142857,
    "precisionweighted": 0.7779519359145527,
    "recallmicro": 0.7757009345794392,
    "recallmacro": 0.6486754900786521,
    "recallweighted": 0.7757009345794392,
    "f1micro": 0.7757009345794392,
    "f1macro": 0.6561223923289741,
    "f1weighted": 0.7682389335603105
}