{
    "best_val_accuracy": 0.7734806629834254,
    "train_accuracy": 0.7610619469026549,
    "train_loss": 0.6178515564023921,
    "finished_epochs": 15,
    "train_duration_minutes": 34.58960111935934,
    "batch_size": 4.0,
    "lr_decay": 0.03,
    "adam_lr": 0.1,
    "adam_beta1": 0.75,
    "adam_beta2": 0.9999,
    "adam_wtdecay": 0.1946831711199022
}