steps,train_loss,train_acc,val_acc
127,5.4257273027025645,0.5589390962671905,0.6166666666666667
254,8.174862976158531,0.5952848722986247,0.5722222222222223
381,9.723633907574333,0.6129666011787819,0.6055555555555556
509,9.867074141685059,0.5992141453831041,0.5833333333333334
636,8.964567356118987,0.6011787819253438,0.5888888888888889
763,9.737741596806494,0.6031434184675835,0.6
890,9.905960250462904,0.5943025540275049,0.5888888888888889
1018,9.747160941011076,0.611984282907662,0.5888888888888889
