steps,train_loss,train_acc,val_acc
21,1.0002912089536324,0.5821042281219273,0.6850828729281768
42,0.7125240793797822,0.7207472959685349,0.7458563535911602
63,0.6345774023230448,0.7551622418879056,0.7458563535911602
84,0.5584398518621394,0.7876106194690266,0.729281767955801
105,0.5493728045517012,0.7807276302851525,0.7348066298342542
127,0.5345294918634195,0.7836774827925271,0.7458563535911602
148,0.5136185054582129,0.7915437561455261,0.7458563535911602
169,0.5323174128138561,0.7915437561455261,0.723756906077348
