{
    "best_val_accuracy": 0.5911602209944751,
    "train_accuracy": 0.5644051130776795,
    "train_loss": 1.230441397856353,
    "finished_epochs": 9,
    "train_duration_minutes": 2.9816064476966857,
    "batch_size": 8.0,
    "lr_decay": 0.03,
    "adam_lr": 0.0001,
    "adam_beta1": 0.75,
    "adam_beta2": 0.9999,
    "adam_wtdecay": 0.5093303780050461
}