steps,train_loss,train_acc,val_acc
127,1.3419643358026165,0.3785644051130777,0.4033149171270718
254,1.230441397856353,0.5644051130776795,0.5911602209944751
381,1.1527230683329535,0.5703048180924287,0.569060773480663
508,1.1035565225775614,0.5693215339233039,0.56353591160221
635,1.0889348612188003,0.568338249754179,0.56353591160221
762,1.0863075429828235,0.5693215339233039,0.56353591160221
889,1.0842364473211612,0.568338249754179,0.56353591160221
1017,1.093531560288301,0.568338249754179,0.56353591160221
1144,1.0905867630987627,0.568338249754179,0.56353591160221
