{
    "best_val_accuracy": 0.8722222222222222,
    "train_accuracy": 0.799607072691552,
    "train_loss": 0.499742705660391,
    "finished_epochs": 10,
    "train_duration_minutes": 3.3551473061243695,
    "batch_size": 4.0,
    "lr_decay": 0.055973324127995876,
    "adam_lr": 0.05608612720137504,
    "adam_beta1": 0.75,
    "adam_beta2": 0.9999,
    "adam_wtdecay": 0.8107119849218987
}