{
    "best_val_accuracy": 0.8833333333333334,
    "train_accuracy": 0.943025540275049,
    "train_loss": 0.15537037432545062,
    "finished_epochs": 21,
    "train_duration_minutes": 6.996043276786804,
    "batch_size": 8.0,
    "lr_decay": 0.17782225994349252,
    "adam_lr": 0.1,
    "adam_beta1": 0.7575700447610174,
    "adam_beta2": 0.9999,
    "adam_wtdecay": 0.4310399101904691
}