{
    "best_val_accuracy": 0.9166666666666667,
    "train_accuracy": 0.849705304518664,
    "train_loss": 0.39731702685707443,
    "finished_epochs": 50,
    "train_duration_minutes": 16.802282563845317,
    "batch_size": 4.0,
    "lr_decay": 0.06721814940240121,
    "adam_lr": 0.08080168137221329,
    "adam_beta1": 0.75,
    "adam_beta2": 0.9999,
    "adam_wtdecay": 0.8164859952124434
}