{
    "best_val_accuracy": 0.9388888888888889,
    "train_accuracy": 0.9410609037328094,
    "train_loss": 0.1486128475260875,
    "finished_epochs": 20,
    "train_duration_minutes": 9.017736037572226,
    "batch_size": 8.0,
    "lr_decay": 0.19271028934745038,
    "lr": 0.1,
    "momentum": 0.5529649065468173,
    "weight_decay": 0.7532402915648646
}