{
    "best_val_accuracy": 0.8611111111111112,
    "train_accuracy": 0.8575638506876228,
    "train_loss": 0.38218405485621604,
    "finished_epochs": 34,
    "train_duration_minutes": 18.043611848354338,
    "batch_size": 8.0,
    "lr_decay": 0.3,
    "adam_lr": 0.0001,
    "adam_beta1": 0.99,
    "adam_beta2": 0.9,
    "adam_wtdecay": 0.8528324928180551
}