steps,train_loss,train_acc,val_acc
1017,1.4420252516792469,0.47394296951819076,0.56353591160221
2034,1.2069202219607673,0.5476892822025565,0.56353591160221
3051,1.1924940306059613,0.551622418879056,0.56353591160221
4068,0.9795100404684054,0.5821042281219273,0.56353591160221
5085,0.8168777829309012,0.6607669616519174,0.46961325966850825
6102,0.7312543420313382,0.7040314650934121,0.5469613259668508
7119,0.7031364001941774,0.712881022615536,0.39779005524861877
8136,0.6762809563527065,0.7158308751229105,0.5580110497237569
