steps,train_loss,train_acc,val_acc
254,1.3234731142968672,0.43756145526057033,0.56353591160221
508,1.2338333487979547,0.5693215339233039,0.56353591160221
762,1.1967262766940288,0.568338249754179,0.56353591160221
1017,1.1927320155422245,0.568338249754179,0.56353591160221
1271,1.1875643525034512,0.568338249754179,0.56353591160221
1525,1.182779999726407,0.568338249754179,0.56353591160221
1779,1.1850152857887357,0.568338249754179,0.56353591160221
2034,1.1771395806600444,0.568338249754179,0.56353591160221
