steps,train_loss,train_acc,val_acc
254,61.19778885682112,0.5658153241650294,0.5666666666666667
509,63.30510506320796,0.5677799607072691,0.5666666666666667
763,63.351690056281846,0.5677799607072691,0.5666666666666667
1018,63.25138866222209,0.5677799607072691,0.5666666666666667
1272,63.33215816924989,0.5677799607072691,0.5666666666666667
1527,62.902018286624454,0.5677799607072691,0.5666666666666667
1781,63.30240033042923,0.5677799607072691,0.5666666666666667
2036,62.702384319193,0.5677799607072691,0.5666666666666667
