{
    "best_val_accuracy": 0.8222222222222223,
    "train_accuracy": 0.8104125736738703,
    "train_loss": 0.49124367391664997,
    "finished_epochs": 15,
    "train_duration_minutes": 22.157406055927275,
    "batch_size": 8.0,
    "lr_decay": 0.3,
    "lr": 0.0001,
    "momentum": 0.3,
    "weight_decay": 0.2570463455871033
}