steps,train_loss,train_acc,val_acc
254,0.43876225101690164,0.7986247544204321,0.9
509,0.38361184720557423,0.8300589390962672,0.8944444444444445
763,0.33005845133939754,0.8654223968565815,0.888888888888889
1018,0.2622731811054095,0.8919449901768173,0.888888888888889
1272,0.2827452506379669,0.8831041257367387,0.8833333333333334
1527,0.28537605454036435,0.8889980353634577,0.8944444444444445
1781,0.2656390900579089,0.8939096267190569,0.8833333333333334
2036,0.2671287471688332,0.8998035363457759,0.8722222222222222
