{
    "best_val_accuracy": 0.5966850828729282,
    "train_accuracy": 0.5693215339233039,
    "train_loss": 1.048427789260504,
    "finished_epochs": 17,
    "train_duration_minutes": 7.682917209466298,
    "batch_size": 8.0,
    "lr_decay": 0.1848116318599627,
    "lr": 0.0001,
    "momentum": 0.6743091171903935,
    "weight_decay": 0.7334610341086829
}