{
    "best_val_accuracy": 0.9277777777777778,
    "train_accuracy": 0.8781925343811394,
    "train_loss": 0.2910233030501892,
    "finished_epochs": 11,
    "train_duration_minutes": 7.830217679341634,
    "batch_size": 8.0,
    "lr_decay": 0.03,
    "adam_lr": 0.1,
    "adam_beta1": 0.75,
    "adam_beta2": 0.9998999753890914,
    "adam_wtdecay": 0.9999999557835341
}