steps,train_loss,train_acc,val_acc
31,0.9306202908884459,0.6214355948869223,0.569060773480663
