{
    "best_val_accuracy": 0.723756906077348,
    "train_accuracy": 0.8416912487708949,
    "train_loss": 0.42505073477033317,
    "finished_epochs": 23,
    "train_duration_minutes": 8.216985352834065,
    "batch_size": 4.0,
    "lr_decay": 0.3,
    "lr": 0.1,
    "momentum": 0.4511944139838066,
    "weight_decay": 0.6960593428267001
}