{
    "best_val_accuracy": 0.9166666666666667,
    "train_accuracy": 0.9449901768172887,
    "train_loss": 0.13159713137360593,
    "finished_epochs": 50,
    "batch_size": 32.0,
    "lr_decay": 0.12414531346459447,
    "lr": 0.03644303806200139,
    "momentum": 0.8190517847098298,
    "weight_decay": 0.24811041861152983
}