{
    "best_val_accuracy": 0.56353591160221,
    "train_accuracy": 0.5545722713864307,
    "train_loss": 1.2621105656159664,
    "finished_epochs": 9,
    "train_duration_minutes": 28.166211148103077,
    "batch_size": 2.0,
    "lr_decay": 0.03,
    "adam_lr": 0.0001,
    "adam_beta1": 0.99,
    "adam_beta2": 0.9999,
    "adam_wtdecay": 1.0
}