steps,train_loss,train_acc,val_acc
508,1.3462171282622901,0.38446411012782694,0.5524861878453038
1017,1.2621105656159664,0.5545722713864307,0.56353591160221
1525,1.1960148242839788,0.568338249754179,0.56353591160221
2034,1.1728461059497168,0.568338249754179,0.56353591160221
2542,1.1731953230579342,0.568338249754179,0.56353591160221
3051,1.1673358533469156,0.568338249754179,0.56353591160221
3559,1.1629683528912338,0.568338249754179,0.56353591160221
4068,1.161987907942769,0.568338249754179,0.56353591160221
4576,1.1710896211856703,0.568338249754179,0.56353591160221
