steps,train_loss,train_acc,val_acc
508,1.2539757570451457,0.5378564405113078,0.5414364640883977
1017,1.1241270306949653,0.568338249754179,0.56353591160221
1525,1.0981458492335316,0.568338249754179,0.56353591160221
2034,1.0818878984263747,0.5653883972468043,0.56353591160221
2542,1.089961587796638,0.568338249754179,0.56353591160221
3051,1.0803714507683424,0.568338249754179,0.56353591160221
3559,1.08398533476958,0.568338249754179,0.56353591160221
4068,1.0685972986905858,0.568338249754179,0.56353591160221
4576,1.0774957848861155,0.568338249754179,0.56353591160221
