{
    "best_val_accuracy": 0.7348066298342542,
    "train_accuracy": 0.6283185840707965,
    "train_loss": 0.9185316957672555,
    "finished_epochs": 32,
    "train_duration_minutes": 92.15012506246566,
    "batch_size": 2.0,
    "lr_decay": 0.03,
    "adam_lr": 0.0001,
    "adam_beta1": 0.99,
    "adam_beta2": 0.9,
    "adam_wtdecay": 1.0
}