{
    "best_val_accuracy": 0.7555555555555555,
    "train_accuracy": 0.7013752455795678,
    "train_loss": 0.585276004958949,
    "finished_epochs": 9,
    "train_duration_minutes": 9.958346370855967,
    "batch_size": 2.0,
    "lr_decay": 0.3,
    "adam_lr": 0.07810193563731382,
    "adam_beta1": 0.99,
    "adam_beta2": 0.970244063887821,
    "adam_wtdecay": 0.7420853400929472
}