{
    "best_val_accuracy": 0.8611111111111112,
    "train_accuracy": 0.8742632612966601,
    "train_loss": 0.306447352313808,
    "finished_epochs": 21,
    "train_duration_minutes": 14.056288385391236,
    "batch_size": 4.0,
    "lr_decay": 0.1279610444841994,
    "adam_lr": 0.03269037805858868,
    "adam_beta1": 0.99,
    "adam_beta2": 0.9467486036195315,
    "adam_wtdecay": 0.5982373192775479
}