{
    "best_val_accuracy": 0.8397790055248618,
    "train_accuracy": 0.8348082595870207,
    "train_loss": 0.4627285119120467,
    "finished_epochs": 23,
    "train_duration_minutes": 15.796351377169291,
    "batch_size": 4.0,
    "lr_decay": 0.29935684580365723,
    "adam_lr": 0.007177424123625565,
    "adam_beta1": 0.8682985172418216,
    "adam_beta2": 0.9208502872115778,
    "adam_wtdecay": 0.42195265016908423
}