steps,train_loss,train_acc,val_acc
127,0.7821444367940447,0.6745329400196657,0.6850828729281768
254,0.6337458385244349,0.7512291052114062,0.7845303867403315
381,0.59304562735581,0.7649950835791545,0.723756906077348
508,0.5491286289961523,0.7817109144542773,0.6961325966850829
635,0.47062557015564355,0.8092428711897739,0.7458563535911602
762,0.44771184506317857,0.8308751229105212,0.7679558011049723
889,0.4482301009439789,0.8200589970501475,0.718232044198895
1017,0.43824530526951705,0.8377581120943953,0.7679558011049723
1144,0.42812451230858395,0.8554572271386431,0.7790055248618785
