{
    "best_val_accuracy": 0.8555555555555556,
    "train_accuracy": 0.8477406679764243,
    "train_loss": 0.4152138890124023,
    "finished_epochs": 20,
    "train_duration_minutes": 10.608299469947815,
    "batch_size": 8.0,
    "lr_decay": 0.3,
    "adam_lr": 0.0001,
    "adam_beta1": 0.99,
    "adam_beta2": 0.9,
    "adam_wtdecay": 0.8271333373050147
}