steps,train_loss,train_acc,val_acc
1017,1.4383678370637998,0.5299901671583088,0.56353591160221
2034,1.2157602298459003,0.56047197640118,0.56353591160221
3051,1.191268440310348,0.5653883972468043,0.56353591160221
4068,1.1600804627234722,0.568338249754179,0.56353591160221
5085,1.153791325340815,0.568338249754179,0.56353591160221
6102,1.148547806336582,0.568338249754179,0.56353591160221
7119,1.149168312549591,0.568338249754179,0.56353591160221
8136,1.146705883969951,0.568338249754179,0.56353591160221
