steps,train_loss,train_acc,val_acc
21,0.4794669057624982,0.7799607072691551,0.7722222222222223
42,0.2715306563672476,0.8889980353634577,0.8611111111111112
63,0.21689118933818194,0.9076620825147347,0.8277777777777778
84,0.16759695769937194,0.943025540275049,0.85
106,0.18083708904581125,0.9282907662082515,0.8555555555555556
127,0.15983984165610873,0.9381139489194499,0.8555555555555556
148,0.16301737659133253,0.9332023575638506,0.8611111111111112
169,0.17678037443891723,0.9282907662082515,0.8555555555555556
