steps,train_loss,train_acc,val_acc
508,1.2651824265454723,0.47394296951819076,0.56353591160221
1017,1.119211561911929,0.568338249754179,0.56353591160221
1525,1.096433290279486,0.568338249754179,0.56353591160221
2034,1.0739577167622576,0.5693215339233039,0.56353591160221
2542,1.074764978041691,0.5703048180924287,0.56353591160221
3051,1.0617967733239706,0.5693215339233039,0.56353591160221
3559,1.0742156902362932,0.568338249754179,0.56353591160221
4068,1.0619816161772728,0.568338249754179,0.56353591160221
