{
    "best_val_accuracy": 0.6961325966850829,
    "train_accuracy": 0.7197640117994101,
    "train_loss": 0.6692181360287887,
    "finished_epochs": 17,
    "train_duration_minutes": 21.874417491753896,
    "batch_size": 2.0,
    "lr_decay": 0.3,
    "lr": 0.1,
    "momentum": 0.3,
    "weight_decay": 0.28065592774901055
}