steps,train_loss,train_acc,val_acc
1017,1.3691071112481776,0.5427728613569321,0.56353591160221
2034,1.17128875667015,0.5673549655850542,0.56353591160221
3051,1.1589558632090147,0.568338249754179,0.56353591160221
4068,1.163296754791556,0.568338249754179,0.56353591160221
5085,1.1525189200216572,0.568338249754179,0.56353591160221
6102,1.151163854957682,0.568338249754179,0.56353591160221
7119,1.1507724362957559,0.568338249754179,0.56353591160221
8136,1.150125174981889,0.568338249754179,0.56353591160221
