steps,train_loss,train_acc,val_acc
254,122.44392556994275,0.4302554027504911,0.43333333333333335
509,192.35313041552112,0.43222003929273084,0.43333333333333335
763,191.2123805675619,0.43222003929273084,0.43333333333333335
1018,189.0721809531476,0.43222003929273084,0.43333333333333335
1272,187.55224332031895,0.43222003929273084,0.43333333333333335
1527,185.50735354283,0.43222003929273084,0.43333333333333335
1781,199.95814036807752,0.43222003929273084,0.43333333333333335
2036,190.21096262669516,0.43222003929273084,0.43333333333333335
