{
    "best_val_accuracy": 0.8722222222222222,
    "train_accuracy": 0.8526522593320235,
    "train_loss": 0.3761768564728248,
    "finished_epochs": 17,
    "train_duration_minutes": 9.014108955860138,
    "batch_size": 8.0,
    "lr_decay": 0.3,
    "adam_lr": 0.0001,
    "adam_beta1": 0.99,
    "adam_beta2": 0.9,
    "adam_wtdecay": 0.8864548443925699
}