{
    "best_val_accuracy": 0.9222222222222223,
    "train_accuracy": 0.8614931237721021,
    "train_loss": 0.33101392465630775,
    "finished_epochs": 10,
    "train_duration_minutes": 28.755625180403392,
    "batch_size": 2.0,
    "lr_decay": 0.24382649296210882,
    "adam_lr": 0.1,
    "adam_beta1": 0.99,
    "adam_beta2": 0.9999,
    "adam_wtdecay": 0.7745461654379489
}