steps,train_loss,train_acc,val_acc
1017,1.4534911081385355,0.5437561455260571,0.56353591160221
2034,1.173483245668158,0.568338249754179,0.56353591160221
3051,1.1712574579605546,0.568338249754179,0.56353591160221
4068,1.15226877573786,0.568338249754179,0.56353591160221
5085,1.1517017370597216,0.568338249754179,0.56353591160221
6102,1.1494408691175568,0.568338249754179,0.56353591160221
7119,1.1493648399059517,0.568338249754179,0.56353591160221
8136,1.149118765324149,0.568338249754179,0.56353591160221
