{
    "best_val_accuracy": 0.8397790055248618,
    "train_accuracy": 0.8141592920353983,
    "train_loss": 0.5001776565961547,
    "finished_epochs": 20,
    "train_duration_minutes": 19.064353386561077,
    "batch_size": 4.0,
    "lr_decay": 0.2693914825662219,
    "adam_lr": 0.05787623628672156,
    "adam_beta1": 0.8139502747551093,
    "adam_beta2": 0.9286723262828832,
    "adam_wtdecay": 0.7708176966798393
}