{
    "best_val_accuracy": 0.7403314917127072,
    "train_accuracy": 0.7502458210422812,
    "train_loss": 0.6398201702618669,
    "finished_epochs": 24,
    "train_duration_minutes": 12.018846944967907,
    "batch_size": 4.0,
    "lr_decay": 0.3,
    "adam_lr": 0.1,
    "adam_beta1": 0.99,
    "adam_beta2": 0.9999,
    "adam_wtdecay": 1.0
}