{
    "best_val_accuracy": 0.9111111111111111,
    "train_accuracy": 0.9194499017681729,
    "train_loss": 0.21592315806035678,
    "finished_epochs": 50,
    "train_duration_minutes": 29.175105730692547,
    "batch_size": 8.0,
    "lr_decay": 0.3,
    "adam_lr": 0.1,
    "adam_beta1": 0.75,
    "adam_beta2": 0.9999,
    "adam_wtdecay": 1.0
}