{
    "accuracy": 0.9299065420560748,
    "confusion_matrix": "[[109  12]\n [  3  90]]",
    "precisionmicro": 0.9299065420560748,
    "precisionmacro": 0.9277836134453781,
    "precisionweighted": 0.9337278135553286,
    "recallmicro": 0.9299065420560748,
    "recallmacro": 0.9342841908824313,
    "recallweighted": 0.9299065420560748,
    "f1micro": 0.9299065420560748,
    "f1macro": 0.9293496203367447,
    "f1weighted": 0.9301703470810204
}