{
    "best_val_accuracy": 0.7624309392265193,
    "train_accuracy": 0.8200589970501475,
    "train_loss": 0.46245696246917034,
    "finished_epochs": 21,
    "train_duration_minutes": 6.9609123786290485,
    "batch_size": 8.0,
    "lr_decay": 0.06691181564436018,
    "adam_lr": 0.1,
    "adam_beta1": 0.8343399224087851,
    "adam_beta2": 0.9999,
    "adam_wtdecay": 0.4767194387444661
}