{
    "best_val_accuracy": 0.7833333333333333,
    "train_accuracy": 0.7288801571709234,
    "train_loss": 0.5537638010819441,
    "finished_epochs": 18,
    "train_duration_minutes": 16.917207539081573,
    "batch_size": 2.0,
    "lr_decay": 0.1918380887675231,
    "lr": 0.09938910329685319,
    "momentum": 0.7375113344416687,
    "weight_decay": 0.9877568621111275
}