{
    "best_val_accuracy": 0.9500000000000001,
    "train_accuracy": 0.9253438113948919,
    "train_loss": 0.1852111941412062,
    "finished_epochs": 15,
    "train_duration_minutes": 36.539970151583354,
    "batch_size": 4.0,
    "lr_decay": 0.22547649045442497,
    "adam_lr": 0.1,
    "adam_beta1": 0.75,
    "adam_beta2": 0.9999,
    "adam_wtdecay": 0.7751601993212365
}