{
    "best_val_accuracy": 0.56353591160221,
    "train_accuracy": 0.5673549655850542,
    "train_loss": NaN,
    "finished_epochs": 8,
    "train_duration_minutes": 18.220952157179514,
    "batch_size": 4.0,
    "lr_decay": 0.3,
    "adam_lr": 0.1,
    "adam_beta1": 0.99,
    "adam_beta2": 0.9999,
    "adam_wtdecay": 0.0
}