steps,train_loss,train_acc,val_acc
254,nan,0.5673549655850542,0.56353591160221
508,nan,0.568338249754179,0.56353591160221
762,nan,0.568338249754179,0.56353591160221
1017,nan,0.568338249754179,0.56353591160221
1271,nan,0.568338249754179,0.56353591160221
1525,nan,0.568338249754179,0.56353591160221
1779,nan,0.568338249754179,0.56353591160221
2034,nan,0.568338249754179,0.56353591160221
