steps,train_loss,train_acc,val_acc
254,1.218258130632436,0.5919370698131761,0.6574585635359116
508,1.037608031326339,0.616519174041298,0.723756906077348
762,0.9419899770995509,0.624385447394297,0.6187845303867403
1017,0.8653204471546875,0.6617502458210424,0.6353591160220994
1271,0.8371705038357625,0.6705998033431663,0.6132596685082873
1525,0.8031185965036338,0.688298918387414,0.7071823204419889
1779,0.7385333825704974,0.7030481809242871,0.7016574585635359
2034,0.7408752594373923,0.6991150442477877,0.6629834254143646
2288,0.7103239710469279,0.7236971484759096,0.6961325966850829
