steps,train_loss,train_acc,val_acc
127,nan,0.5648330058939096,0.5666666666666667
254,nan,0.5677799607072691,0.5666666666666667
381,nan,0.5677799607072691,0.5666666666666667
509,nan,0.5677799607072691,0.5666666666666667
636,nan,0.5677799607072691,0.5666666666666667
763,nan,0.5677799607072691,0.5666666666666667
890,nan,0.5677799607072691,0.5666666666666667
1018,nan,0.5677799607072691,0.5666666666666667
