{
    "best_val_accuracy": 0.7790055248618785,
    "train_accuracy": 0.7059980334316618,
    "train_loss": 0.7482801451326706,
    "finished_epochs": 9,
    "train_duration_minutes": 6.16299786567688,
    "batch_size": 4.0,
    "lr_decay": 0.29668222625287494,
    "adam_lr": 0.0015997190693782342,
    "adam_beta1": 0.920777342638002,
    "adam_beta2": 0.9124749641924971,
    "adam_wtdecay": 0.2422195985641468
}