{
    "best_val_accuracy": 0.9333333333333333,
    "train_accuracy": 0.9253438113948919,
    "train_loss": 0.18437048494230318,
    "finished_epochs": 20,
    "train_duration_minutes": 57.5225145816803,
    "batch_size": 2.0,
    "lr_decay": 0.26012147632066424,
    "adam_lr": 0.1,
    "adam_beta1": 0.99,
    "adam_beta2": 0.9999,
    "adam_wtdecay": 0.7623292000095055
}