{
    "best_val_accuracy": 0.6961325966850829,
    "train_accuracy": 0.6479842674532941,
    "train_loss": 0.8696940815554256,
    "finished_epochs": 1,
    "batch_size": 24.0,
    "lr_decay": 0.07781039320952995,
    "adam_lr": 0.0717184335394084,
    "adam_beta1": 0.8957474676157231,
    "adam_beta2": 0.9900373287339173,
    "adam_wtdecay": 0.3926765350670013
}