{
    "accuracy": 0.6542056074766355,
    "confusion_matrix": "[[ 14   7   1  12]\n [  3  17   1  15]\n [  5   2   2  14]\n [  9   5   0 107]]",
    "precisionmicro": 0.6542056074766355,
    "precisionmacro": 0.5557432432432432,
    "precisionweighted": 0.6265257192676548,
    "recallmicro": 0.6542056074766355,
    "recallmacro": 0.4638102426262156,
    "recallweighted": 0.6542056074766355,
    "f1micro": 0.6542056074766355,
    "f1macro": 0.470479774735448,
    "f1weighted": 0.6195441169079734
}