steps,train_loss,train_acc,val_acc
42,0.8696940815554256,0.6479842674532941,0.6961325966850829
