steps,train_loss,train_acc,val_acc
508,nan,0.5673549655850542,0.56353591160221
1017,nan,0.568338249754179,0.56353591160221
1525,nan,0.568338249754179,0.56353591160221
2034,nan,0.568338249754179,0.56353591160221
2542,nan,0.568338249754179,0.56353591160221
3051,nan,0.568338249754179,0.56353591160221
3559,nan,0.568338249754179,0.56353591160221
4068,nan,0.568338249754179,0.56353591160221
