steps,train_loss,train_acc,val_acc
508,3.9486944434565427,0.4680432645034415,0.5303867403314917
1017,1.4856374502885306,0.512291052114061,0.5027624309392265
1525,1.323996489788813,0.5172074729596854,0.49723756906077343
2034,1.1744288190862304,0.5663716814159292,0.5082872928176796
2542,1.160219245604006,0.5663716814159292,0.4475138121546961
3051,1.165066329954648,0.5673549655850542,0.43646408839779005
3559,1.1609421548238545,0.5673549655850542,0.430939226519337
4068,1.1376030510154094,0.5653883972468043,0.39226519337016574
