{
    "best_val_accuracy": 0.9388888888888889,
    "train_accuracy": 0.9017681728880157,
    "train_loss": 0.22724069865724192,
    "finished_epochs": 17,
    "train_duration_minutes": 5.652648643652598,
    "batch_size": 8.0,
    "lr_decay": 0.03,
    "adam_lr": 0.1,
    "adam_beta1": 0.75,
    "adam_beta2": 0.9999,
    "adam_wtdecay": 0.9188277791356189
}