{
    "best_val_accuracy": 0.9111111111111111,
    "train_accuracy": 0.9037328094302554,
    "train_loss": 0.2473016122469499,
    "finished_epochs": 20,
    "train_duration_minutes": 6.652700777848562,
    "batch_size": 8.0,
    "lr_decay": 0.03,
    "adam_lr": 0.1,
    "adam_beta1": 0.75,
    "adam_beta2": 0.9396506925204798,
    "adam_wtdecay": 1.0
}