{
    "best_val_accuracy": 0.5722222222222223,
    "train_accuracy": 0.5677799607072691,
    "train_loss": 3.9074145238736757,
    "finished_epochs": 15,
    "train_duration_minutes": 14.0439399878184,
    "batch_size": 2.0,
    "lr_decay": 0.03,
    "lr": 0.1,
    "momentum": 0.8261479309800839,
    "weight_decay": 1.0
}