{
    "best_val_accuracy": 0.9222222222222223,
    "train_accuracy": 0.8280943025540275,
    "train_loss": 0.40574346599855216,
    "finished_epochs": 10,
    "train_duration_minutes": 28.741576520601907,
    "batch_size": 2.0,
    "lr_decay": 0.03,
    "adam_lr": 0.1,
    "adam_beta1": 0.75,
    "adam_beta2": 0.9999,
    "adam_wtdecay": 0.5390871479189981
}