steps,train_loss,train_acc,val_acc
509,11.987574585294443,0.4302554027504911,0.43333333333333335
1018,12.05781196142695,0.43222003929273084,0.43333333333333335
1527,12.141414369721778,0.43222003929273084,0.43333333333333335
2036,12.074439404755537,0.43222003929273084,0.43333333333333335
2545,12.037778728837349,0.43222003929273084,0.43333333333333335
3054,12.090784629810535,0.43222003929273084,0.43333333333333335
3563,12.141211781379985,0.43222003929273084,0.43333333333333335
4072,12.049418888766546,0.43222003929273084,0.43333333333333335
