{
    "best_val_accuracy": 0.888888888888889,
    "train_accuracy": 0.8526522593320235,
    "train_loss": 0.36586976405562494,
    "finished_epochs": 15,
    "train_duration_minutes": 5.024929416179657,
    "batch_size": 4.0,
    "lr_decay": 0.03,
    "adam_lr": 0.1,
    "adam_beta1": 0.75,
    "adam_beta2": 0.9999,
    "adam_wtdecay": 0.7816511004072781
}