steps,train_loss,train_acc,val_acc
254,1.3126612689525563,0.5378564405113078,0.5580110497237569
508,1.175732084431831,0.5565388397246804,0.42541436464088395
762,1.1703487363888452,0.568338249754179,0.5524861878453038
1017,1.1586903107435889,0.568338249754179,0.5469613259668508
1271,1.1526396097569573,0.568338249754179,0.5580110497237569
1525,1.1508906300206216,0.5673549655850542,0.5303867403314917
1779,1.148725477115946,0.568338249754179,0.5248618784530387
2034,1.1464647966617445,0.568338249754179,0.5414364640883977
