{
    "best_val_accuracy": 0.7569060773480663,
    "train_accuracy": 0.767944936086529,
    "train_loss": 0.6094072180394461,
    "finished_epochs": 14,
    "train_duration_minutes": 6.319611549377441,
    "batch_size": 8.0,
    "lr_decay": 0.21972699077360833,
    "lr": 0.0009044076418695047,
    "momentum": 0.8336420790048668,
    "weight_decay": 0.6342920954430142
}