steps,train_loss,train_acc,val_acc
63,1.34423851169785,0.3706981317600787,0.27071823204419887
127,1.3375808444815516,0.40216322517207476,0.3149171270718232
190,1.3390063087262705,0.3874139626352016,0.2762430939226519
254,1.3319860802287549,0.41887905604719766,0.2596685082872928
317,1.3420449029965622,0.3834808259587021,0.292817679558011
381,1.3306413262994592,0.4228121927236972,0.30939226519337015
444,1.3345189787293605,0.4041297935103245,0.292817679558011
508,1.3395218760097507,0.39921337266470014,0.292817679558011
