{
    "best_val_accuracy": 0.8333333333333334,
    "train_accuracy": 0.7249508840864439,
    "train_loss": 0.5361462328253654,
    "finished_epochs": 15,
    "train_duration_minutes": 6.666297841072082,
    "batch_size": 2.0,
    "lr_decay": 0.3,
    "lr": 0.0001,
    "momentum": 0.3,
    "weight_decay": 0.41515609702341866
}