{
    "best_val_accuracy": 0.5333333333333333,
    "train_accuracy": 0.5677799607072691,
    "train_loss": 0.6824715369342587,
    "finished_epochs": 16,
    "train_duration_minutes": 33.44020480712255,
    "batch_size": 1.0,
    "lr_decay": 0.3,
    "adam_lr": 0.0001,
    "adam_beta1": 0.99,
    "adam_beta2": 0.9,
    "adam_wtdecay": 1.0
}