{
    "best_val_accuracy": 0.723756906077348,
    "train_accuracy": 0.7561455260570306,
    "train_loss": 0.6347200275053552,
    "finished_epochs": 12,
    "train_duration_minutes": 37.55919943650564,
    "batch_size": 2.0,
    "lr_decay": 0.03,
    "adam_lr": 0.1,
    "adam_beta1": 0.99,
    "adam_beta2": 0.9999,
    "adam_wtdecay": 1.0
}