{
    "best_val_accuracy": 0.5666666666666667,
    "train_accuracy": 0.49999999999999994,
    "train_loss": 11.391526208089003,
    "finished_epochs": 8,
    "train_duration_minutes": 40.82046879529953,
    "batch_size": 1.0,
    "lr_decay": 0.04410185884192099,
    "lr": 0.0440216794242316,
    "momentum": 0.49273014441441143,
    "weight_decay": 0.16355282470087718
}