steps,train_loss,train_acc,val_acc
1018,11.391526208089003,0.49999999999999994,0.5666666666666667
2036,0.9148799034314914,0.5579567779960707,0.5666666666666667
3054,0.710610321234392,0.6345776031434184,0.5444444444444445
4072,0.5285887373336875,0.7387033398821218,0.45555555555555555
5090,0.5122898298888403,0.7603143418467583,0.45555555555555555
6108,0.5088639475390578,0.7603143418467583,0.48333333333333334
7126,0.5052083720451254,0.7524557956777995,0.4666666666666667
8144,0.49317326693848684,0.7504911591355599,0.4444444444444445
