steps,train_loss,train_acc,val_acc
127,0.8451682088883812,0.6637168141592921,0.5359116022099447
254,0.7509228726052253,0.7109144542772862,0.7348066298342542
381,0.7454739882882717,0.7138643067846608,0.723756906077348
508,0.6339259378560759,0.7463126843657818,0.723756906077348
635,0.5786496488745585,0.7836774827925271,0.6961325966850829
762,0.542696745463646,0.7944936086529008,0.729281767955801
889,0.5035573191347376,0.816125860373648,0.712707182320442
1017,0.49174938933335927,0.816125860373648,0.712707182320442
1144,0.5177738113272038,0.7954768928220256,0.712707182320442
