{
    "best_val_accuracy": 0.7458563535911602,
    "train_accuracy": 0.7482792527040315,
    "train_loss": 0.6446658325992386,
    "finished_epochs": 12,
    "train_duration_minutes": 19.08801463842392,
    "batch_size": 8.0,
    "lr_decay": 0.3,
    "lr": 0.0001,
    "momentum": 0.47792820278680487,
    "weight_decay": 0.0
}