steps,train_loss,train_acc,val_acc
21,1.0823230226482965,0.6066863323500492,0.6243093922651933
42,0.6786908013279107,0.7207472959685349,0.6961325966850829
63,0.9129715299887643,0.7227138643067847,0.56353591160221
84,1.1379813775200407,0.6263520157325467,0.585635359116022
105,0.8682037198086404,0.6430678466076697,0.6408839779005524
127,0.7543771470894153,0.6764995083579155,0.6574585635359116
148,0.7249146912653538,0.6912487708947886,0.6408839779005524
169,0.7361146607230195,0.6873156342182891,0.6353591160220994
