steps,train_loss,train_acc,val_acc
254,0.9577614401294067,0.6194690265486726,0.6795580110497237
508,0.8232817799878566,0.672566371681416,0.718232044198895
762,0.7727490548656167,0.7050147492625369,0.712707182320442
1017,0.7158139714331988,0.736479842674533,0.6077348066298343
1271,0.7268915838665433,0.7050147492625369,0.6519337016574586
1525,0.6757488059669352,0.7335299901671584,0.6740331491712707
1779,0.6797459773726637,0.736479842674533,0.6795580110497237
2034,0.686069721786439,0.7236971484759096,0.6740331491712707
2288,0.6769314381928571,0.7236971484759096,0.6629834254143646
