{
    "best_val_accuracy": 0.56353591160221,
    "train_accuracy": 0.5693215339233039,
    "train_loss": 1.199558060839699,
    "finished_epochs": 9,
    "train_duration_minutes": 6.044331403573354,
    "batch_size": 4.0,
    "lr_decay": 0.03,
    "adam_lr": 0.0001,
    "adam_beta1": 0.75,
    "adam_beta2": 0.9436245903469666,
    "adam_wtdecay": 1.0
}