steps,train_loss,train_acc,val_acc
254,1.3381221596821924,0.408062930186824,0.5359116022099447
508,1.199558060839699,0.5693215339233039,0.56353591160221
762,1.1177246557693332,0.568338249754179,0.56353591160221
1017,1.0603457621299646,0.568338249754179,0.56353591160221
1271,1.0263285407157305,0.5693215339233039,0.56353591160221
1525,1.0332147099861588,0.568338249754179,0.56353591160221
1779,1.0331363795195123,0.568338249754179,0.56353591160221
2034,1.0244784127177273,0.5693215339233039,0.56353591160221
2288,1.027344405358051,0.568338249754179,0.56353591160221
