{
    "best_val_accuracy": 0.8232044198895028,
    "train_accuracy": 0.8426745329400197,
    "train_loss": 0.4110721062535499,
    "finished_epochs": 19,
    "train_duration_minutes": 43.77672369082769,
    "batch_size": 4.0,
    "lr_decay": 0.1257431247958535,
    "adam_lr": 0.06379440971065753,
    "adam_beta1": 0.8460576509102719,
    "adam_beta2": 0.9663389662322553,
    "adam_wtdecay": 0.8291759820673529
}