{
    "best_val_accuracy": 0.56353591160221,
    "train_accuracy": 0.5663716814159292,
    "train_loss": NaN,
    "finished_epochs": 8,
    "train_duration_minutes": 24.880646586418152,
    "batch_size": 2.0,
    "lr_decay": 0.03,
    "adam_lr": 0.1,
    "adam_beta1": 0.75,
    "adam_beta2": 0.9,
    "adam_wtdecay": 0.0
}