{
    "best_val_accuracy": 0.8287292817679558,
    "train_accuracy": 0.8357915437561456,
    "train_loss": 0.43620794273055763,
    "finished_epochs": 19,
    "train_duration_minutes": 43.795989449818926,
    "batch_size": 4.0,
    "lr_decay": 0.03,
    "adam_lr": 0.1,
    "adam_beta1": 0.75,
    "adam_beta2": 0.9999,
    "adam_wtdecay": 0.4364789297961469
}