{
    "best_val_accuracy": 0.8287292817679558,
    "train_accuracy": 0.8151425762045231,
    "train_loss": 0.47264266740842087,
    "finished_epochs": 19,
    "train_duration_minutes": 43.820427354176836,
    "batch_size": 4.0,
    "lr_decay": 0.03,
    "adam_lr": 0.1,
    "adam_beta1": 0.75,
    "adam_beta2": 0.9999,
    "adam_wtdecay": 0.2795908062611513
}