{
    "best_val_accuracy": 0.9500000000000001,
    "train_accuracy": 0.9007858546168959,
    "train_loss": 0.25376772792728103,
    "finished_epochs": 13,
    "train_duration_minutes": 12.410131847858429,
    "batch_size": 4.0,
    "lr_decay": 0.3,
    "adam_lr": 0.09019462633011362,
    "adam_beta1": 0.7570405331045691,
    "adam_beta2": 0.9,
    "adam_wtdecay": 0.6782730264512763
}