{
    "best_val_accuracy": 0.9277777777777778,
    "train_accuracy": 0.9332023575638506,
    "train_loss": 0.17652017826649904,
    "finished_epochs": 25,
    "train_duration_minutes": 39.072195478280385,
    "batch_size": 8.0,
    "lr_decay": 0.3,
    "adam_lr": 0.1,
    "adam_beta1": 0.9451696054281389,
    "adam_beta2": 0.9,
    "adam_wtdecay": 1.0
}