{
    "best_val_accuracy": 0.8508287292817679,
    "train_accuracy": 0.8131760078662734,
    "train_loss": 0.474890837509958,
    "finished_epochs": 19,
    "train_duration_minutes": 6.74910104672114,
    "batch_size": 4.0,
    "lr_decay": 0.3,
    "lr": 0.1,
    "momentum": 0.48370464562914434,
    "weight_decay": 0.8304355582702853
}