{
    "best_val_accuracy": 0.8333333333333334,
    "train_accuracy": 0.7917485265225933,
    "train_loss": 0.4588017234165214,
    "finished_epochs": 9,
    "train_duration_minutes": 14.053129144509633,
    "batch_size": 8.0,
    "lr_decay": 0.03,
    "adam_lr": 0.1,
    "adam_beta1": 0.99,
    "adam_beta2": 0.9,
    "adam_wtdecay": 0.417111262085536
}