{
    "best_val_accuracy": 0.8666666666666667,
    "train_accuracy": 0.8595284872298624,
    "train_loss": 0.32549924805965313,
    "finished_epochs": 21,
    "train_duration_minutes": 9.768138372898102,
    "batch_size": 8.0,
    "lr_decay": 0.3,
    "lr": 0.1,
    "momentum": 0.3,
    "weight_decay": 0.0
}