{
    "best_val_accuracy": 0.56353591160221,
    "train_accuracy": 0.5614552605703048,
    "train_loss": 1.6145933600419156,
    "finished_epochs": 8,
    "train_duration_minutes": 4.227800063292185,
    "batch_size": 2.0,
    "lr_decay": 0.3,
    "adam_lr": 0.0001,
    "adam_beta1": 0.99,
    "adam_beta2": 0.9,
    "adam_wtdecay": 0.0
}