{
    "best_val_accuracy": 0.4143646408839779,
    "train_accuracy": 0.34906588003933137,
    "train_loss": 1.3476299174064028,
    "finished_epochs": 15,
    "train_duration_minutes": 22.208003596464792,
    "batch_size": 8.0,
    "lr_decay": 0.3,
    "lr": 0.0001,
    "momentum": 0.3,
    "weight_decay": 1.0
}