{
    "best_val_accuracy": 0.585635359116022,
    "train_accuracy": 0.5801376597836775,
    "train_loss": 1.013434855283889,
    "finished_epochs": 13,
    "train_duration_minutes": 48.385029741128285,
    "batch_size": 2.0,
    "lr_decay": 0.23686192181828683,
    "adam_lr": 0.06265883735725115,
    "adam_beta1": 0.8468106695453552,
    "adam_beta2": 0.9521492501046633,
    "adam_wtdecay": 0.6742855030264358
}