steps,train_loss,train_acc,val_acc
127,0.6929208358753407,0.4381139489194499,0.43333333333333335
254,0.6928991906066775,0.555992141453831,0.5666666666666667
381,0.6923114148010674,0.5677799607072691,0.5666666666666667
509,0.6917586264535346,0.5677799607072691,0.5666666666666667
636,0.6914743364208573,0.5677799607072691,0.5666666666666667
763,0.6914605183310968,0.5677799607072691,0.5666666666666667
890,0.6914521406582156,0.5677799607072691,0.5666666666666667
1018,0.6914517202639626,0.5677799607072691,0.5666666666666667
1145,0.6914514207184198,0.5677799607072691,0.5666666666666667
