{
    "best_val_accuracy": 0.56353591160221,
    "train_accuracy": 0.5467059980334317,
    "train_loss": 1.2668007157427958,
    "finished_epochs": 8,
    "train_duration_minutes": 2.647447144985199,
    "batch_size": 8.0,
    "lr_decay": 0.3,
    "adam_lr": 0.0001,
    "adam_beta1": 0.75,
    "adam_beta2": 0.9999,
    "adam_wtdecay": 0.45015318191057196
}