steps,train_loss,train_acc,val_acc
127,1.2668007157427958,0.5467059980334317,0.56353591160221
254,1.2205851079205614,0.5644051130776795,0.56353591160221
381,1.1774643860032072,0.568338249754179,0.56353591160221
508,1.1529697572469946,0.568338249754179,0.56353591160221
635,1.1467895255796794,0.568338249754179,0.56353591160221
762,1.1365324664373782,0.568338249754179,0.56353591160221
889,1.1281081656087464,0.568338249754179,0.56353591160221
1017,1.124986281906023,0.568338249754179,0.56353591160221
