{
    "best_val_accuracy": 0.7734806629834254,
    "train_accuracy": 0.8013765978367748,
    "train_loss": 0.4991695697445902,
    "finished_epochs": 50,
    "train_duration_minutes": 17.770811347166696,
    "batch_size": 4.0,
    "lr_decay": 0.3,
    "lr": 0.1,
    "momentum": 0.525643186314229,
    "weight_decay": 0.7879142301683211
}