{
    "best_val_accuracy": 0.8232044198895028,
    "train_accuracy": 0.928220255653884,
    "train_loss": 0.20814800315198645,
    "finished_epochs": 50,
    "batch_size": 48.0,
    "lr_decay": 0.057200397220045954,
    "lr": 0.03889130222980573,
    "momentum": 0.6032768271727573,
    "weight_decay": 0.5110563599459055
}