{
    "accuracy": 0.8271028037383178,
    "confusion_matrix": "[[ 21   7   1   5]\n [  3  30   3   0]\n [  2   3  14   4]\n [  4   2   3 112]]",
    "precisionmicro": 0.8271028037383178,
    "precisionmacro": 0.7516430539157812,
    "precisionweighted": 0.8263907432131731,
    "recallmicro": 0.8271028037383178,
    "recallmacro": 0.74632396976038,
    "recallweighted": 0.8271028037383178,
    "f1micro": 0.8271028037383178,
    "f1macro": 0.7468660600762873,
    "f1weighted": 0.8254260342461276
}