{
    "best_val_accuracy": 0.5666666666666667,
    "train_accuracy": 0.56188605108055,
    "train_loss": 0.6846227569758072,
    "finished_epochs": 8,
    "train_duration_minutes": 5.687716996669769,
    "batch_size": 8.0,
    "lr_decay": 0.03,
    "adam_lr": 0.0001,
    "adam_beta1": 0.99,
    "adam_beta2": 0.9,
    "adam_wtdecay": 1.0
}