steps,train_loss,train_acc,val_acc
127,0.6846227569758072,0.56188605108055,0.5666666666666667
254,0.6699253560751969,0.5864440078585461,0.5666666666666667
381,0.6585605303758723,0.5854616895874263,0.5666666666666667
509,0.6515240837876596,0.5854616895874263,0.5666666666666667
636,0.6524818354599133,0.5834970530451866,0.5611111111111111
763,0.6537042481491748,0.5776031434184675,0.5666666666666667
890,0.653236988485445,0.580550098231827,0.5666666666666667
1018,0.650816608857078,0.580550098231827,0.5666666666666667
