{
    "best_val_accuracy": 0.5666666666666667,
    "train_accuracy": 0.5599214145383103,
    "train_loss": 0.6881879047583972,
    "finished_epochs": 8,
    "train_duration_minutes": 27.469315914312997,
    "batch_size": 2.0,
    "lr_decay": 0.03,
    "lr": 0.0001,
    "momentum": 0.99,
    "weight_decay": 1.0
}