steps,train_loss,train_acc,val_acc
509,0.6881879047583972,0.5599214145383103,0.5666666666666667
1018,0.7014287827291282,0.5677799607072691,0.5666666666666667
1527,0.6927452595622694,0.5677799607072691,0.5666666666666667
2036,0.7009281023077975,0.5677799607072691,0.5666666666666667
2545,0.7005384670376543,0.5677799607072691,0.5666666666666667
3054,0.6960252560309202,0.5677799607072691,0.5666666666666667
3563,0.6932328049466746,0.5677799607072691,0.5666666666666667
4072,0.6975715513430785,0.5677799607072691,0.5666666666666667
