{
    "best_val_accuracy": 0.9500000000000001,
    "train_accuracy": 0.9390962671905697,
    "train_loss": 0.14760391323411862,
    "finished_epochs": 50,
    "train_duration_minutes": 22.570332868893942,
    "batch_size": 8.0,
    "lr_decay": 0.19271028934745038,
    "lr": 0.1,
    "momentum": 0.5529649065468173,
    "weight_decay": 0.7532402915648646
}