steps,train_loss,train_acc,val_acc
127,1.3851715379056677,0.272369714847591,0.42541436464088395
254,1.327523530994779,0.42969518190757133,0.56353591160221
381,1.2839089664268868,0.5388397246804327,0.56353591160221
508,1.2462145067831993,0.5575221238938053,0.56353591160221
635,1.2286632569724714,0.5644051130776795,0.56353591160221
762,1.2252377796782623,0.5653883972468043,0.56353591160221
889,1.222237288189966,0.568338249754179,0.56353591160221
1017,1.2218851457654902,0.5703048180924287,0.56353591160221
1144,1.2210279388413667,0.5673549655850542,0.56353591160221
