{
    "best_val_accuracy": 0.8176795580110496,
    "train_accuracy": 0.8102261553588987,
    "train_loss": 0.4900116604572435,
    "finished_epochs": 50,
    "batch_size": 8.0,
    "lr_decay": 0.03,
    "adam_lr": 0.001,
    "adam_beta1": 0.8,
    "adam_beta2": 0.95,
    "adam_wtdecay": 0.3991796201636114
}