{
    "best_val_accuracy": 0.7955801104972375,
    "train_accuracy": 0.8357915437561456,
    "train_loss": 0.41794058835846365,
    "finished_epochs": 50,
    "train_duration_minutes": 86.80395478010178,
    "batch_size": 8.0,
    "lr_decay": 0.26931744049727546,
    "adam_lr": 0.0001692546037752327,
    "adam_beta1": 0.8464087753307383,
    "adam_beta2": 0.9700481239493176,
    "adam_wtdecay": 0.24195186180045103
}