{
    "accuracy": 0.7710280373831776,
    "confusion_matrix": "[[ 21   4   4   5]\n [  5  24   2   5]\n [  3   3   5  12]\n [  4   1   1 115]]",
    "precisionmicro": 0.7710280373831776,
    "precisionmacro": 0.6606115903561158,
    "precisionweighted": 0.7466777571747215,
    "recallmicro": 0.7710280373831776,
    "recallmacro": 0.6130295632446295,
    "recallweighted": 0.7710280373831776,
    "f1micro": 0.7710280373831775,
    "f1macro": 0.6274837946285768,
    "f1weighted": 0.7531067437728757
}