{
    "best_val_accuracy": 0.5666666666666667,
    "train_accuracy": 0.5667976424361493,
    "train_loss": NaN,
    "finished_epochs": 8,
    "train_duration_minutes": 19.218729893366497,
    "batch_size": 4.0,
    "lr_decay": 0.03,
    "adam_lr": 0.1,
    "adam_beta1": 0.99,
    "adam_beta2": 0.9999,
    "adam_wtdecay": 0.0
}