steps,train_loss,train_acc,val_acc
1017,1.7933691231902018,0.5378564405113078,0.56353591160221
2034,1.165657479092552,0.5624385447394298,0.56353591160221
3051,1.012300499127912,0.5929203539823009,0.56353591160221
4068,0.842231653725972,0.656833824975418,0.56353591160221
5085,0.8106418601296762,0.6755162241887906,0.56353591160221
6102,0.7818861049888408,0.6823992133726647,0.56353591160221
7119,0.8080883104658174,0.6755162241887906,0.56353591160221
8136,0.7773864470869156,0.6814159292035399,0.56353591160221
