steps,train_loss,train_acc,val_acc
509,1.1535929884681064,0.5707269155206286,0.7222222222222222
1018,0.6866959507022719,0.6463654223968566,0.7666666666666667
1527,0.6167372145739426,0.693516699410609,0.5444444444444445
2036,0.6303265446646977,0.6768172888015717,0.6777777777777778
2545,0.5645817089935651,0.7092337917485265,0.6611111111111111
3054,0.5327520133938443,0.7337917485265225,0.6444444444444445
3563,0.561901166888726,0.7053045186640471,0.7055555555555556
4072,0.5382204994939868,0.7278978388998035,0.6888888888888889
4581,0.5322981674977979,0.7318271119842829,0.6444444444444445
