{
    "best_val_accuracy": 0.788888888888889,
    "train_accuracy": 0.8477406679764243,
    "train_loss": 0.3650593772267077,
    "finished_epochs": 23,
    "train_duration_minutes": 7.605423347155253,
    "batch_size": 8.0,
    "lr_decay": 0.03,
    "adam_lr": 0.0001,
    "adam_beta1": 0.75,
    "adam_beta2": 0.9392919840530632,
    "adam_wtdecay": 0.8103850626496079
}