{
    "best_val_accuracy": 0.8777777777777778,
    "train_accuracy": 0.8909626719056973,
    "train_loss": 0.2593682005503791,
    "finished_epochs": 12,
    "train_duration_minutes": 3.605692410469055,
    "batch_size": 8.0,
    "lr_decay": 0.3,
    "lr": 0.0001,
    "momentum": 0.99,
    "weight_decay": 0.709310744812568
}