steps,train_loss,train_acc,val_acc
127,1.2761361017574133,0.48869223205506396,0.5359116022099447
254,1.1886525417851135,0.5801376597836775,0.569060773480663
381,1.1344468854404364,0.568338249754179,0.56353591160221
508,1.098555852295492,0.568338249754179,0.56353591160221
635,1.0824333238273478,0.568338249754179,0.56353591160221
762,1.0820716947698077,0.568338249754179,0.56353591160221
889,1.0897178009899668,0.568338249754179,0.56353591160221
1017,1.0860119836520306,0.568338249754179,0.56353591160221
1144,1.0822647669322372,0.568338249754179,0.56353591160221
