steps,train_loss,train_acc,val_acc
509,0.976401212963702,0.5353634577603144,0.5666666666666667
1018,0.702968616587474,0.5442043222003929,0.5666666666666667
1527,0.6904525474621411,0.5609037328094302,0.5666666666666667
2036,0.6827148065585753,0.5677799607072691,0.5666666666666667
2545,0.6832025636624259,0.5677799607072691,0.5666666666666667
3054,0.6781322323737303,0.5677799607072691,0.5666666666666667
3563,0.6779405985225161,0.5677799607072691,0.5666666666666667
4072,0.6765917860454567,0.5677799607072691,0.5666666666666667
