{
    "best_val_accuracy": 0.7444444444444445,
    "train_accuracy": 0.780943025540275,
    "train_loss": 0.5712465317169669,
    "finished_epochs": 16,
    "train_duration_minutes": 7.463607017199198,
    "batch_size": 8.0,
    "lr_decay": 0.03,
    "lr": 0.0001,
    "momentum": 0.3,
    "weight_decay": 0.754643329985467
}