{
    "best_val_accuracy": 0.7845303867403315,
    "train_accuracy": 0.839724680432645,
    "train_loss": 0.42235423731475685,
    "finished_epochs": 24,
    "train_duration_minutes": 16.45198423465093,
    "batch_size": 4.0,
    "lr_decay": 0.3,
    "adam_lr": 0.003936918245278744,
    "adam_beta1": 0.8601919989894585,
    "adam_beta2": 0.9138096130150001,
    "adam_wtdecay": 0.4118734178554727
}