{
    "best_val_accuracy": 0.56353591160221,
    "train_accuracy": 0.5240904621435595,
    "train_loss": 1.7505341880792713,
    "finished_epochs": 8,
    "train_duration_minutes": 2.645945409933726,
    "batch_size": 8.0,
    "lr_decay": 0.03,
    "adam_lr": 0.04642242471266017,
    "adam_beta1": 0.8216701769505648,
    "adam_beta2": 0.9999,
    "adam_wtdecay": 0.0
}