steps,train_loss,train_acc,val_acc
127,1.7505341880792713,0.5240904621435595,0.56353591160221
254,1.1831631887861644,0.5624385447394298,0.56353591160221
381,1.1652206237571663,0.568338249754179,0.1602209944751381
508,1.1535290230574744,0.568338249754179,0.1602209944751381
635,1.152336773091713,0.568338249754179,0.1602209944751381
762,1.1516587914735987,0.568338249754179,0.1602209944751381
889,1.1516357096481697,0.568338249754179,0.1602209944751381
1017,1.1516137602523833,0.568338249754179,0.56353591160221
