steps,train_loss,train_acc,val_acc
509,0.9681927625580247,0.6218074656188605,0.7166666666666667
1018,0.6341589552538802,0.6709233791748526,0.6777777777777778
1527,0.5881259076897428,0.6984282907662082,0.6888888888888889
2036,0.5137422521889561,0.7534381139489194,0.6
2545,0.5150036774356145,0.7337917485265225,0.6166666666666667
3054,0.492151634076021,0.7514734774066797,0.6666666666666667
3563,0.5001672362883105,0.7436149312377209,0.6777777777777778
4072,0.47633013600567703,0.7622789783889979,0.6833333333333333
