steps,loss,train_acc,val_acc
247,1.1130567576721129,0.52834008097166,0.6113744075829385
494,0.822358627068369,0.6538461538461539,0.7156398104265403
