steps,train_loss,train_acc,val_acc
254,1.4204974901699599,0.5275049115913556,0.5777777777777778
509,0.7003004138736687,0.5392927308447937,0.49444444444444446
763,0.6924595054685484,0.5540275049115914,0.5666666666666667
1018,0.6695718376481932,0.5687622789783889,0.5666666666666667
1272,0.6790289942080004,0.5677799607072691,0.5666666666666667
1527,0.665073196171309,0.5677799607072691,0.5611111111111111
1781,0.6673263451907864,0.5677799607072691,0.5666666666666667
2036,0.674036931663693,0.5677799607072691,0.5666666666666667
