{
    "best_val_accuracy": 0.8555555555555556,
    "train_accuracy": 0.7180746561886051,
    "train_loss": 0.5283246702260259,
    "finished_epochs": 21,
    "train_duration_minutes": 9.510167253017425,
    "batch_size": 2.0,
    "lr_decay": 0.3,
    "lr": 0.0001,
    "momentum": 0.3,
    "weight_decay": 0.4166340025679592
}