{
    "best_val_accuracy": 0.7790055248618785,
    "train_accuracy": 0.8151425762045231,
    "train_loss": 0.47638910920922384,
    "finished_epochs": 17,
    "train_duration_minutes": 5.623961206277212,
    "batch_size": 8.0,
    "lr_decay": 0.09060321877403217,
    "adam_lr": 0.06847036663712774,
    "adam_beta1": 0.7974928104086447,
    "adam_beta2": 0.9999,
    "adam_wtdecay": 0.4831637114357377
}