{
    "best_val_accuracy": 0.6722222222222223,
    "train_accuracy": 0.5864440078585461,
    "train_loss": 0.6924450419740733,
    "finished_epochs": 10,
    "train_duration_minutes": 4.983599233627319,
    "batch_size": 4.0,
    "lr_decay": 0.2421538079371071,
    "adam_lr": 0.0958475821082213,
    "adam_beta1": 0.7792239976108029,
    "adam_beta2": 0.9558418870923969,
    "adam_wtdecay": 0.6566212764270091
}