{
    "best_val_accuracy": 0.7845303867403315,
    "train_accuracy": 0.7718780727630286,
    "train_loss": 0.6014119522644238,
    "finished_epochs": 21,
    "train_duration_minutes": 14.11710065205892,
    "batch_size": 4.0,
    "lr_decay": 0.03,
    "adam_lr": 0.017594726829029073,
    "adam_beta1": 0.8790981717424826,
    "adam_beta2": 0.9416005394495564,
    "adam_wtdecay": 0.671667934927442
}