{
    "best_val_accuracy": 0.56353591160221,
    "train_accuracy": 0.5644051130776795,
    "train_loss": 1.179321067464504,
    "finished_epochs": 10,
    "train_duration_minutes": 12.513150159517924,
    "batch_size": 1.0,
    "lr_decay": 0.2125063639077032,
    "lr": 0.01945355882933811,
    "momentum": 0.8650072971305591,
    "weight_decay": 0.10513439622342236
}