{
    "best_val_accuracy": 0.8555555555555556,
    "train_accuracy": 0.7701375245579567,
    "train_loss": 0.49153224763795295,
    "finished_epochs": 10,
    "train_duration_minutes": 9.514995682239533,
    "batch_size": 4.0,
    "lr_decay": 0.3,
    "adam_lr": 0.1,
    "adam_beta1": 0.75,
    "adam_beta2": 0.9,
    "adam_wtdecay": 0.04229874633756529
}