steps,train_loss,train_acc,val_acc
127,3.981278381787958,0.5677799607072691,0.5666666666666667
254,4.063852342969073,0.5677799607072691,0.5666666666666667
381,4.0803014412375935,0.5677799607072691,0.5666666666666667
509,4.143337958453915,0.5677799607072691,0.5666666666666667
636,4.109970479676672,0.5677799607072691,0.5666666666666667
763,4.118013877999806,0.5677799607072691,0.5666666666666667
890,4.10467106420071,0.5677799607072691,0.5666666666666667
1018,4.0802422316931555,0.5677799607072691,0.5666666666666667
