{
    "best_val_accuracy": 0.6722222222222223,
    "train_accuracy": 0.6974459724950883,
    "train_loss": 0.6413486304240985,
    "finished_epochs": 17,
    "train_duration_minutes": 15.216839110851287,
    "batch_size": 2.0,
    "lr_decay": 0.15931667159114185,
    "lr": 0.0001,
    "momentum": 0.6886527582119097,
    "weight_decay": 0.9609583257382671
}