{
    "best_val_accuracy": 0.5666666666666667,
    "train_accuracy": 0.5677799607072691,
    "train_loss": 25.974497918881227,
    "finished_epochs": 8,
    "train_duration_minutes": 7.450189387798309,
    "batch_size": 2.0,
    "lr_decay": 0.2548577813236619,
    "lr": 0.1,
    "momentum": 0.7940521987863108,
    "weight_decay": 1.0
}