steps,train_loss,train_acc,val_acc
509,25.974497918881227,0.5677799607072691,0.5666666666666667
1018,25.961456857167903,0.5677799607072691,0.5666666666666667
1527,26.114070881092243,0.5677799607072691,0.5666666666666667
2036,26.067793731839345,0.5677799607072691,0.5666666666666667
2545,25.944854320383726,0.5677799607072691,0.5666666666666667
3054,25.918129019746612,0.5677799607072691,0.5666666666666667
3563,26.12252138358905,0.5677799607072691,0.5666666666666667
4072,25.872760409222135,0.5677799607072691,0.5666666666666667
