steps,train_loss,train_acc,val_acc
1018,0.7315316700865103,0.555992141453831,0.5666666666666667
2036,0.7107230515634615,0.5275049115913556,0.5666666666666667
3054,0.8609989321185001,0.5275049115913556,0.5666666666666667
4072,0.6949263659172301,0.5638506876227898,0.5666666666666667
5090,0.6915739189196664,0.5550098231827112,0.5666666666666667
6108,0.6870256702476025,0.5609037328094302,0.5666666666666667
7126,0.6863432662426138,0.5687622789783889,0.5666666666666667
8144,0.6838196024796349,0.5677799607072691,0.5666666666666667
