{
    "best_val_accuracy": 0.9111111111111111,
    "train_accuracy": 0.8408644400785854,
    "train_loss": 0.3683528338059461,
    "finished_epochs": 9,
    "train_duration_minutes": 25.873019301891325,
    "batch_size": 2.0,
    "lr_decay": 0.2905754471674902,
    "adam_lr": 0.1,
    "adam_beta1": 0.99,
    "adam_beta2": 0.9999,
    "adam_wtdecay": 0.7324975283239274
}