steps,train_loss,train_acc,val_acc
509,0.5196564472728722,0.7524557956777995,0.8722222222222222
1018,0.3683528338059461,0.8408644400785854,0.9111111111111111
1527,0.33704201341377965,0.8526522593320235,0.8833333333333334
2036,0.34216103171435697,0.8732809430255402,0.8722222222222222
2545,0.23198604387595284,0.9007858546168959,0.8833333333333334
3054,0.2191598442600846,0.912573673870334,0.8944444444444445
3563,0.17254282185745615,0.9302554027504911,0.9
4072,0.19081499273861321,0.912573673870334,0.8944444444444445
4581,0.18345336621894348,0.9282907662082515,0.9
