steps,train_loss,train_acc,val_acc
1018,0.7074766456495334,0.5324165029469548,0.5666666666666667
2036,0.6979507175667581,0.5609037328094302,0.5611111111111111
3054,0.6945244454740307,0.5363457760314342,0.5666666666666667
4072,0.6850536651836163,0.5677799607072691,0.5666666666666667
5090,0.6846843336677738,0.5677799607072691,0.5666666666666667
6108,0.684816991533418,0.5677799607072691,0.5666666666666667
7126,0.6835993807067571,0.5677799607072691,0.5666666666666667
