{
    "best_val_accuracy": 0.8066298342541436,
    "train_accuracy": 0.8426745329400197,
    "train_loss": 0.42536518531563006,
    "finished_epochs": 19,
    "train_duration_minutes": 42.79266921281815,
    "batch_size": 4.0,
    "lr_decay": 0.03,
    "lr": 0.09439090572581929,
    "momentum": 0.530525637707617,
    "weight_decay": 0.8107118170643022
}