steps,train_loss,train_acc,val_acc
21,1.122743614127854,0.5486725663716815,0.5911602209944751
