steps,train_loss,train_acc,val_acc
127,1.3155762809333313,0.44936086529006886,0.574585635359116
254,1.2012747386094977,0.568338249754179,0.569060773480663
381,1.123366220159165,0.5712881022615536,0.56353591160221
508,1.0881349265634017,0.5673549655850542,0.5580110497237569
635,1.0680312596942823,0.5693215339233039,0.56353591160221
762,1.0526002879925769,0.5712881022615536,0.56353591160221
889,1.0454099473700058,0.568338249754179,0.56353591160221
1017,1.0453764074202718,0.5693215339233039,0.5580110497237569
