steps,train_loss,train_acc,val_acc
1018,0.7851257586526028,0.43123772102161095,0.43333333333333335
2036,0.7965104861554556,0.43222003929273084,0.43333333333333335
3054,0.7991067640673669,0.43222003929273084,0.43333333333333335
4072,0.7946874467410835,0.43222003929273084,0.43333333333333335
5090,0.7970326218776009,0.43222003929273084,0.43333333333333335
6108,0.7963391577857885,0.43222003929273084,0.43333333333333335
7126,0.7929127887916003,0.43222003929273084,0.43333333333333335
8144,0.7949957883311161,0.43222003929273084,0.43333333333333335
