{
    "best_val_accuracy": 0.8555555555555556,
    "train_accuracy": 0.831041257367387,
    "train_loss": 0.40564365368812166,
    "finished_epochs": 11,
    "train_duration_minutes": 3.300625240802765,
    "batch_size": 4.0,
    "lr_decay": 0.07462100641927415,
    "lr": 0.0846588048919834,
    "momentum": 0.3,
    "weight_decay": 0.8999176087541251
}